Date,Route,Grade,Notes,URL,Pitches,Location,Average Rating,Your Rating,Style,Lead Style,Route Type,Your Suggested Grade,Length In Feet,Rating Code
2026-06-02,Roadside Attraction,5.7,,https://www.mountainproject.com/route/105860741/roadside-attraction,2,Kentucky > Red River Gorge > Natural Bridge Region > Graining Fork Nature Preserve (a.k.a. Roadside Crag),3.8,4,Lead,Flash,Trad,,120,1800
2026-06-02,Wicked Games,5.12d,"Have you ever had a dream that you, um, you had, your, you- you could, you’ll do, you- you wants, you, you could do so, you- you’ll do, you could- you, you want, you want them to do you so much you could do anything?",https://www.mountainproject.com/route/106062725/wicked-games,1,Kentucky > Red River Gorge > Natural Bridge Region > Graining Fork Nature Preserve (a.k.a. Roadside Crag),3.8,4,Lead,Redpoint,Sport,,85,7500
2026-05-23,Stay the Hand,5.12a,,https://www.mountainproject.com/route/105880953/stay-the-hand,1,Kentucky > Red River Gorge > Natural Bridge Region > Graining Fork Nature Preserve (a.k.a. Roadside Crag),3.3,3,Lead,Redpoint,Sport,,50,6600
2026-05-23,Dragonslayer,5.10d,,https://www.mountainproject.com/route/105886633/dragonslayer,1,Kentucky > Red River Gorge > Natural Bridge Region > Graining Fork Nature Preserve (a.k.a. Roadside Crag),3.1,3,Lead,Onsight,Sport,,50,3500
2026-05-17,100 Years of Solitude,5.11a,,https://www.mountainproject.com/route/106937689/100-years-of-solitude,1,Kentucky > Red River Gorge > Muir Valley > Bibliothek,3,2,Lead,Onsight,Sport,,55,4600
2026-05-17,Everything That Rises Must Converge,5.11d,,https://www.mountainproject.com/route/107073613/everything-that-rises-must-converge,1,Kentucky > Red River Gorge > Muir Valley > Bibliothek,3.2,3,Lead,Redpoint,Sport,,60,5500
2026-05-17,Demon Copperhead,5.11d,,https://www.mountainproject.com/route/125548869/demon-copperhead,1,Kentucky > Red River Gorge > Muir Valley > Bibliothek,3.6,3,Lead,Onsight,Sport,,75,5500
2026-05-17,Who Pooped in the Park?,5.11c,An absolute pile.,https://www.mountainproject.com/route/107073580/who-pooped-in-the-park,1,Kentucky > Red River Gorge > Muir Valley > Bibliothek,2.1,1,Lead,Onsight,Sport,,55,5200
2026-05-15,Psycho Babble,5.12a,"Actually a pretty fucking sick rig. 7th pitch of the day, absolute fight to finish, such a cool bit of movement.",https://www.mountainproject.com/route/112007161/psycho-babble,1,West Virginia > The New River Gorge Region > Summersville (Gauley River) Area > Summersville Lake (main) > DC Memorial Boulder,3.4,4,Lead,Redpoint,Sport,,45,6600
2026-05-13,First Steps,5.10c,"Doesn’t even matter if the climbing is good or not, when you see the view at the top you forget about it all.",https://www.mountainproject.com/route/105966939/first-steps,1,West Virginia > The New River Gorge Region > New River Gorge Proper > Kaymoor > 7. Seven Eleven Wall,3.3,3,Lead,Onsight,Sport,,90,3200
2026-05-13,Scenic Adult,5.11c,"Almost a totally sick route, had to drop a star for the fragile feeling, should have broken off, or be taken off flake at the start. Not to mention the loose rock through the crux. Otherwise rad.",https://www.mountainproject.com/route/106461197/scenic-adult,1,West Virginia > The New River Gorge Region > New River Gorge Proper > Kaymoor > 7. Seven Eleven Wall,3.8,3,Lead,Onsight,Sport,,95,5200
2026-05-13,Springer,5.10b,,https://www.mountainproject.com/route/105966922/springer,1,West Virginia > The New River Gorge Region > New River Gorge Proper > Kaymoor > 6. Butcher's Branch,2.6,1,Lead,Onsight,Sport,,75,2900
2026-05-07,Racer X,5.12d,,https://www.mountainproject.com/route/106333629/racer-x,1,Kentucky > Red River Gorge > Natural Bridge Region > Torrent Falls (Limited Access),3.9,-1,Lead,Redpoint,Sport,,80,7500
2026-05-03,American Dream,5.12b/c,,https://www.mountainproject.com/route/106324532/american-dream,1,Kentucky > Red River Gorge > (PMRP) Pendergrass-Murray Recreational Preserve > Coal Bank Hollow > The Dark Side,3.4,3,Lead,Redpoint,Sport,,90,7100
2026-05-02,Code Red,5.13a,,https://www.mountainproject.com/route/202733797/code-red,1,Kentucky > Red River Gorge > (PMRP) Pendergrass-Murray Recreational Preserve > Sore Heel Hollow > What About Bob Wall,4,4,Lead,Redpoint,Sport,5.13a,80,8600
2026-04-24,The Fury,5.11c,,https://www.mountainproject.com/route/108952238/the-fury,1,Kentucky > Red River Gorge > Muir Valley > Bibliothek,3.7,3,Lead,Onsight,Sport,,70,5200
2026-04-24,Lolita,5.12a,,https://www.mountainproject.com/route/112148053/lolita,1,Kentucky > Red River Gorge > Muir Valley > Bibliothek,2.7,3,Lead,Onsight,Sport,,40,6600
2026-04-24,East of Eden,5.12a,,https://www.mountainproject.com/route/119996054/east-of-eden,1,Kentucky > Red River Gorge > Muir Valley > Bibliothek,2.7,3,Lead,Onsight,Sport,,40,6600
2026-04-22,Korsakoff Syndrome,5.11c,十三，十七,https://www.mountainproject.com/route/112162687/korsakoff-syndrome,1,Kentucky > Red River Gorge > Natural Bridge Region > Beer Trailer Crag,2.3,2,Lead,Onsight,Sport,,60,5200
2026-04-22,High Life,5.12b,три осем,https://www.mountainproject.com/route/111790326/high-life,1,Kentucky > Red River Gorge > Natural Bridge Region > Beer Trailer Crag,2.8,1,Lead,Redpoint,Sport,,60,6900
2026-04-20,You Take Sally,5.11d,,https://www.mountainproject.com/route/107353365/you-take-sally,1,Kentucky > Red River Gorge > (PMRP) Pendergrass-Murray Recreational Preserve > Drive-Bob Parking > Chica Bonita Wall,3,2,Lead,Flash,Sport,,80,5500
2026-04-16,Whiskey in the Water,5.12d,"Hogeita hamar, hogeita hiru.",https://www.mountainproject.com/route/123499392/whiskey-in-the-water,1,Kentucky > Red River Gorge > Natural Bridge Region > Beer Trailer Crag,3.7,4,Lead,Redpoint,Sport,,65,7500
2026-04-07,Mind Meld,5.12d,ဆယ့်ခြောက်ဆယ့်ရှစ်,https://www.mountainproject.com/route/107055917/mind-meld,1,Kentucky > Red River Gorge > (PMRP) Pendergrass-Murray Recreational Preserve > Coal Bank Hollow > The Dark Side,3.5,4,Lead,Redpoint,Sport,,75,7500
2026-04-04,Regulation Number Five,5.12c,"
",https://www.mountainproject.com/route/122880419/regulation-number-five,1,Kentucky > Red River Gorge > (MFRP) Miller Fork Recreational Preserve > Alcatraz,3,3,Lead,Redpoint,Sport,5.12b,55,7200
2026-03-31,Golden Road,5.12a,"
",https://www.mountainproject.com/route/107203531/golden-road,1,Kentucky > Red River Gorge > Muir Valley > Coyote Cliff,3.2,4,Lead,Redpoint,Sport,,80,6600
2026-03-19,Butane Junky,5.12b,Fünf Acht,https://www.mountainproject.com/route/110239204/butane-junky,1,Kentucky > Red River Gorge > (BRRP) Bald Rock Recreational Preserve > Chocolate Factory,3.2,4,Lead,Redpoint,Sport,,70,6900
2026-02-20,Better Than Homemade,5.12d,,https://www.mountainproject.com/route/116738472/better-than-homemade,1,Kentucky > Red River Gorge > Natural Bridge Region > Beer Trailer Crag,3.2,4,Lead,Redpoint,Sport,,60,7500
2026-02-18,Bullfighter,5.12b,,https://www.mountainproject.com/route/107060475/bullfighter,1,Kentucky > Red River Gorge > Muir Valley > The Arsenal,3.6,3,Lead,Redpoint,Sport,,65,6900
2026-01-13,Gecko Circus,5.13a,"שלושים ואחת, שש",https://www.mountainproject.com/route/202338619/gecko-circus,1,Kentucky > Red River Gorge > (PMRP) Pendergrass-Murray Recreational Preserve > Coal Bank Hollow > Gold Coast,3,3,Lead,Redpoint,Sport,5.13a,70,8600
2026-01-05,The Shaman,5.12c,Diciotto e diciannove,https://www.mountainproject.com/route/113654627/the-shaman,1,Kentucky > Red River Gorge > (MFRP) Miller Fork Recreational Preserve > Monastery,3.4,3,Lead,Redpoint,Sport,,65,7200
2026-01-05,Prajna,5.12b,,https://www.mountainproject.com/route/116592860/prajna,1,Kentucky > Red River Gorge > (MFRP) Miller Fork Recreational Preserve > Monastery,2.8,3,Lead,Redpoint,Sport,,50,6900
2025-12-23,The Suffering,5.12b,"yigirma bir, olti",https://www.mountainproject.com/route/110430032/the-suffering,1,Kentucky > Red River Gorge > (MFRP) Miller Fork Recreational Preserve > Monastery,3.5,3,Lead,Redpoint,Sport,,65,6900
2025-12-20,Monks Brew,5.10d,"
",https://www.mountainproject.com/route/110521185/monks-brew,1,Kentucky > Red River Gorge > (MFRP) Miller Fork Recreational Preserve > Monastery,2.7,2,Lead,Onsight,Sport,,50,3500
2025-12-20,Barking Dogmas,5.11+,,https://www.mountainproject.com/route/110430004/barking-dogmas,1,Kentucky > Red River Gorge > (MFRP) Miller Fork Recreational Preserve > Monastery,3.4,3,Lead,Onsight,Sport,,60,5300
2025-12-20,Repent for Your Sends,5.12d,نهه ویشت، نهه.,https://www.mountainproject.com/route/118913106/repent-for-your-sends,1,Kentucky > Red River Gorge > (MFRP) Miller Fork Recreational Preserve > Monastery,3.6,4,Lead,Redpoint,Sport,,60,7500
2025-12-16,Single Grainy Photograph,5.12b,"
",https://www.mountainproject.com/route/200439012/single-grainy-photograph,1,Kentucky > Red River Gorge > Ash Branch,2.8,2,Lead,Onsight,Sport,5.12a/b,35,6900
2025-12-16,The Big Lez,5.12b,,https://www.mountainproject.com/route/126064628/the-big-lez,1,Kentucky > Red River Gorge > Ash Branch,2.8,2,Lead,Onsight,Sport,5.12a,35,6900
2025-11-26,Galunlati,5.12b,"
",https://www.mountainproject.com/route/106333606/galunlati,1,Kentucky > Red River Gorge > Muir Valley > The Solarium,3.5,3,Lead,Redpoint,Sport,,95,6900
2025-11-24,Brilliant Orange,5.13a,"bîst û sê, çar",https://www.mountainproject.com/route/120051658/brilliant-orange,1,Kentucky > Red River Gorge > (PMRP) Pendergrass-Murray Recreational Preserve > Coal Bank Hollow > Gold Coast,3.8,4,Lead,Redpoint,Sport,,60,8600
2025-11-15,Too Many Puppies,5.12-,hiji opat belas,https://www.mountainproject.com/route/105893624/too-many-puppies,1,Kentucky > Red River Gorge > Northern Gorge > Left Flank,3.6,4,Lead,Redpoint,Sport,,60,6700
2025-11-15,Hen-ry!,5.11b,,https://www.mountainproject.com/route/105867536/hen-ry,1,Kentucky > Red River Gorge > Northern Gorge > Left Flank,2.9,3,Lead,Onsight,Sport,,50,4900
2025-11-15,Sex Farm,5.12b,eziyisikhombisa neshumi nesishiyagalolunye,https://www.mountainproject.com/route/106146866/sex-farm,1,Kentucky > Red River Gorge > Northern Gorge > Left Flank,3.6,4,Lead,Onsight,Sport,,50,6900
2025-11-09,Gunks 5.9,5.11c,,https://www.mountainproject.com/route/201896550/gunks-59,1,Kentucky > Red River Gorge > (MFRP) Miller Fork Recreational Preserve > Hell's Kitchen,3.2,3,Lead,Onsight,Sport,,60,5200
2025-10-25,The Verdict,5.12b,"
",https://www.mountainproject.com/route/106932351/the-verdict,1,Kentucky > Red River Gorge > (BRRP) Bald Rock Recreational Preserve > The Motherlode > (5) Undertow Wall,3,2,Lead,Onsight,Sport,,70,6900
2025-10-22,Pay the Devil,5.13b,"ceithre cinn is fiche, ceithre cinn déag",https://www.mountainproject.com/route/117371117/pay-the-devil,1,Kentucky > Red River Gorge > (PMRP) Pendergrass-Murray Recreational Preserve > Flat Hollow > The Shipyard,4,4,Lead,Redpoint,Sport,,65,8900
2025-10-20,Evil Emperor,5.13a,"Zevenentwintig, vijftien",https://www.mountainproject.com/route/107941228/evil-emperor,1,Kentucky > Red River Gorge > (PMRP) Pendergrass-Murray Recreational Preserve > Coal Bank Hollow > The Dark Side,3.9,4,Lead,Redpoint,Sport,,90,8600
2025-10-09,Fatty Fatty Butter Pants,5.13a,,https://www.mountainproject.com/route/120450445/fatty-fatty-butter-pants,1,Kentucky > Red River Gorge > (PMRP) Pendergrass-Murray Recreational Preserve > Flat Hollow > Throwback Crag,3.6,3,Lead,Redpoint,Sport,,80,8600
2025-10-09,"To Julie, With Love",5.12c,Worth the effort for the incredible view at the top. A very memorable experience.,https://www.mountainproject.com/route/123129774/to-julie-with-love,1,Kentucky > Red River Gorge > (PMRP) Pendergrass-Murray Recreational Preserve > Flat Hollow > Throwback Crag,2.7,2,Lead,Redpoint,Sport,,80,7200
2025-10-01,72 Hour Energy,5.12a,,https://www.mountainproject.com/route/110261773/72-hour-energy,1,Kentucky > Red River Gorge > (BRRP) Bald Rock Recreational Preserve > Bear's Den,3.3,3,Lead,Onsight,Sport,,70,6600
2025-10-01,Bear Down,5.12b,,https://www.mountainproject.com/route/122841848/bear-down,1,Kentucky > Red River Gorge > (BRRP) Bald Rock Recreational Preserve > Bear's Den,3.2,3,Lead,Onsight,Sport,,55,6900
2025-09-20,Spank,5.13a,"iwakāluakūmālima, ʻumikumamālima",https://www.mountainproject.com/route/106615729/spank,1,Kentucky > Red River Gorge > (PMRP) Pendergrass-Murray Recreational Preserve > Drive-Bob Parking > Drive-By Crag,3.5,3,Lead,Redpoint,Sport,,70,8600
2025-09-16,Evil Eye,5.11d,"
",https://www.mountainproject.com/route/123540328/evil-eye,1,Kentucky > Red River Gorge > (PMRP) Pendergrass-Murray Recreational Preserve > Coal Bank Hollow > The Crossroads,2.7,3,Lead,Onsight,Sport,,70,5500
2025-09-07,Trephination,5.11d,Veintiséis y trece,https://www.mountainproject.com/route/111311299/trephination,1,Kentucky > Red River Gorge > (MFRP) Miller Fork Recreational Preserve > The Infirmary,3.6,3,Lead,Onsight,Sport,,85,5500
2025-09-03,Ticks and Beer,5.12c,"Hogeita hamar, bat",https://www.mountainproject.com/route/119962912/ticks-and-beer,1,Kentucky > Red River Gorge > (BRRP) Bald Rock Recreational Preserve > Bear's Den,3.4,3,Lead,Flash,Sport,,70,7200
2025-09-03,Barren Gold,5.12a,十三，三,https://www.mountainproject.com/route/116498016/barren-gold,1,Kentucky > Red River Gorge > (BRRP) Bald Rock Recreational Preserve > Bear's Den,3,3,Lead,Redpoint,Sport,,60,6600
2025-09-03,Golden Snow Cone,5.10c,,https://www.mountainproject.com/route/109469913/golden-snow-cone,1,Kentucky > Red River Gorge > (BRRP) Bald Rock Recreational Preserve > Bear's Den,2.8,4,Lead,Onsight,Sport,,55,3200
2025-08-31,Xeno-Demon,5.12a,Diciotto e diciotto,https://www.mountainproject.com/route/126228906/xeno-demon,1,Kentucky > Red River Gorge > Ash Branch,3.6,3,Lead,Flash,Sport,,50,6600
2025-08-31,Immoral Equity,5.12b/c,sampu at labintatlo,https://www.mountainproject.com/route/126080864/immoral-equity,1,Kentucky > Red River Gorge > Ash Branch,2.6,3,Lead,Redpoint,Sport,,55,7100
2025-08-26,Primus Noctum,5.12a,"
",https://www.mountainproject.com/route/106091144/primus-noctum,1,Kentucky > Red River Gorge > (PMRP) Pendergrass-Murray Recreational Preserve > Drive-Bob Parking > Drive-By Crag,3.2,3,Lead,Redpoint,Sport,,75,6600
2025-08-26,Naked Lunch,5.12a,neljä yksi,https://www.mountainproject.com/route/107906862/naked-lunch,1,Kentucky > Red River Gorge > (PMRP) Pendergrass-Murray Recreational Preserve > Drive-Bob Parking > Drive-By Crag,3,2,Lead,Flash,Sport,,80,6600
2025-07-27,The Name of the Game,5.13a,,https://www.mountainproject.com/route/107059757/the-name-of-the-game,1,Wyoming > Ten Sleep Canyon > Downtown > The Cigar,3.8,4,Lead,Redpoint,Sport,,60,8600
2025-07-26,Soul Bossa Nova,5.12b,,https://www.mountainproject.com/route/117689788/soul-bossa-nova,1,Wyoming > Ten Sleep Canyon > Old Road Crags > Powers Wall,3.8,3,Lead,Onsight,Sport,,100,6900
2025-07-26,Shags Very Well,5.12c,,https://www.mountainproject.com/route/119177366/shags-very-well,1,Wyoming > Ten Sleep Canyon > Old Road Crags > Powers Wall,3.6,3,Lead,Onsight,Sport,,100,7200
2025-07-26,Felicity Shagwell,5.11a,,https://www.mountainproject.com/route/119177343/felicity-shagwell,1,Wyoming > Ten Sleep Canyon > Old Road Crags > Powers Wall,3.2,2,Lead,Onsight,Sport,,100,4600
2025-07-24,Robot Steamroller,5.12a/b,,https://www.mountainproject.com/route/107714230/robot-steamroller,1,Wyoming > Ten Sleep Canyon > Downtown > Coolsville,3.8,3,Lead,Onsight,Sport,,85,6800
2025-07-13,The Arch,5.12a,,https://www.mountainproject.com/route/106009475/the-arch,1,Wyoming > Grand Teton National Park > Blacktail Butte > Lower Blacktail Butte,3.7,4,Lead,Redpoint,"Sport, Alpine",,85,6600
2025-07-11,Full Charge,5.11c/d,,https://www.mountainproject.com/route/108209091/full-charge,1,Wyoming > Ten Sleep Canyon > Lake Point > Full Charge Crag,3.7,2,Lead,Onsight,Sport,,80,5400
2025-07-09,Holla,5.12d,,https://www.mountainproject.com/route/116079005/holla,1,Wyoming > Ten Sleep Canyon > Crag 6 > Rap Stars Wall,4,4,Lead,Redpoint,Sport,,95,7500
2025-07-09,The Jizzleberry Bush,5.12a/b,,https://www.mountainproject.com/route/114804735/the-jizzleberry-bush,1,Wyoming > Ten Sleep Canyon > Crag 6 > Twizzlers Corner,3.4,2,Lead,Flash,Sport,,90,6800
2025-07-07,EKV: Exo-atmospheric Kill Vehicle,5.12c,,https://www.mountainproject.com/route/105956405/ekv-exo-atmospheric-kill-vehicle,1,Wyoming > Ten Sleep Canyon > Mondo Beyondo > Downpour Wall,3.8,3,Lead,Redpoint,Sport,,85,7200
2025-07-07,Some Boys Never Learn extension,5.11c,"
",https://www.mountainproject.com/route/112015974/some-boys-never-learn-extension,1,Wyoming > Ten Sleep Canyon > Valhalla > 2. Munitions Roof,3,2,Lead,Onsight,Sport,,,5200
2025-07-07,Some Boys Never Learn,5.10c,,https://www.mountainproject.com/route/105856626/some-boys-never-learn,1,Wyoming > Ten Sleep Canyon > Valhalla > 2. Munitions Roof,2.8,2,Lead,Onsight,Sport,,,3200
2025-07-05,High Park Rodeo,5.13b,,https://www.mountainproject.com/route/121054199/high-park-rodeo,1,Wyoming > Ten Sleep Canyon > Crag 6 > Mushroom Tip Wall,3.9,4,Lead,Redpoint,Sport,,50,8900
2025-07-04,Dr. Jeckyl,5.11c,,https://www.mountainproject.com/route/114805061/dr-jeckyl,1,Wyoming > Ten Sleep Canyon > Crag 6 > Twizzlers Corner,3.1,2,Lead,Onsight,Sport,,100,5200
2025-07-01,Left El Shinto,5.12b,,https://www.mountainproject.com/route/107290020/left-el-shinto,1,Wyoming > Ten Sleep Canyon > French Cattle Ranch > Sector Shinto,3.7,4,Lead,Onsight,Sport,,,6900
2025-07-01,Tangerine Fat Explosion,5.12c,"
",https://www.mountainproject.com/route/107755911/tangerine-fat-explosion,1,Wyoming > Ten Sleep Canyon > French Cattle Ranch > Whiny Baby Wall,3.9,4,Lead,Redpoint,Sport,,65,7200
2025-06-29,Pocket Rocket,5.12b,,https://www.mountainproject.com/route/106158261/pocket-rocket,1,Wyoming > Ten Sleep Canyon > Valhalla > 2. Munitions Roof,2.5,3,Lead,Onsight,Sport,,90,6900
2025-06-29,Crematorium Roof,5.12a,,https://www.mountainproject.com/route/107727542/crematorium-roof,1,Wyoming > Ten Sleep Canyon > Mondo Beyondo > Antarctica,3.5,4,Lead,Onsight,Sport,,95,6600
2025-06-29,Burning Grandma Bones,5.11b,,https://www.mountainproject.com/route/107276829/burning-grandma-bones,1,Wyoming > Ten Sleep Canyon > Mondo Beyondo > Antarctica,2.9,3,Lead,Onsight,Sport,,75,4900
2025-06-28,Hell Yes I want Cheesy Poofs,5.11c,,https://www.mountainproject.com/route/106537679/hell-yes-i-want-cheesy-poofs,1,Wyoming > Ten Sleep Canyon > French Cattle Ranch > The Back Forty,3.5,3,Lead,Onsight,Sport,,90,5200
2025-06-28,Crossbow Chaos Theory,5.11a,,https://www.mountainproject.com/route/107199345/crossbow-chaos-theory,1,Wyoming > Ten Sleep Canyon > French Cattle Ranch > Big Kahuna Pillar,3.4,3,Lead,Onsight,Sport,,90,4600
2025-06-08,Pulling Pockets,5.10d,"mejilelogun, mẹjọ",https://www.mountainproject.com/route/105893126/pulling-pockets,1,Kentucky > Red River Gorge > Natural Bridge Region > Graining Fork Nature Preserve (a.k.a. Roadside Crag),3.2,4,Lead,Onsight,Sport,,50,3500
2025-06-08,Jersey Connection,5.12b,,https://www.mountainproject.com/route/106045278/jersey-connection,1,Kentucky > Red River Gorge > Natural Bridge Region > Graining Fork Nature Preserve (a.k.a. Roadside Crag),3.2,3,Lead,Redpoint,Sport,,50,6900
2025-06-08,Ro Shampo,5.12a,여덟과 넷,https://www.mountainproject.com/route/105860759/ro-shampo,1,Kentucky > Red River Gorge > Natural Bridge Region > Graining Fork Nature Preserve (a.k.a. Roadside Crag),3.6,2,Lead,Flash,Sport,,60,6600
2025-05-25,Ale-8-One,5.12b,पन्ध्र तेइस,https://www.mountainproject.com/route/106445478/ale-8-one,1,Kentucky > Red River Gorge > (BRRP) Bald Rock Recreational Preserve > The Motherlode > (5) Undertow Wall,3.6,1,Lead,Redpoint,Sport,,70,6900
2025-05-25,Resurrection,5.12c,hiji genep,https://www.mountainproject.com/route/106727829/resurrection,1,Kentucky > Red River Gorge > (BRRP) Bald Rock Recreational Preserve > The Motherlode > (5) Undertow Wall,3.7,2,Lead,Redpoint,Sport,,80,7200
2025-05-21,Trust in Jesus,5.11b,,https://www.mountainproject.com/route/106577231/trust-in-jesus,1,Kentucky > Red River Gorge > (BRRP) Bald Rock Recreational Preserve > The Motherlode > (2) Warm-Up Wall,2.8,2,Lead,Onsight,Sport,,50,4900
2025-05-18,Scarlet Scorchdropper,5.12a,,https://www.mountainproject.com/route/111756736/scarlet-scorchdropper,1,Kentucky > Red River Gorge > (BRRP) Bald Rock Recreational Preserve > Chocolate Factory,3.5,3,Lead,Onsight,Sport,,60,6600
2025-05-18,Nasal Nuggets,5.12a,"iwakāluakumamālima, iwakāluakumamālima",https://www.mountainproject.com/route/125729219/nasal-nuggets,1,Kentucky > Red River Gorge > (BRRP) Bald Rock Recreational Preserve > Chocolate Factory,2.6,3,Lead,Onsight,Sport,,70,6600
2025-05-18,Mike Teavee,5.12a,,https://www.mountainproject.com/route/108749249/mike-teavee,1,Kentucky > Red River Gorge > (BRRP) Bald Rock Recreational Preserve > Chocolate Factory,2.6,4,Lead,Onsight,Sport,,70,6600
2025-05-18,Stalker,5.12a,,https://www.mountainproject.com/route/116561166/stalker,1,Kentucky > Red River Gorge > (BRRP) Bald Rock Recreational Preserve > Chocolate Factory,2.6,3,Lead,Onsight,Sport,,55,6600
2025-05-11,The Abyss,5.12d,Ομάδα είκοσι τρία έως τριάντα δύο,https://www.mountainproject.com/route/111268403/the-abyss,1,Kentucky > Red River Gorge > (MFRP) Miller Fork Recreational Preserve > Deep End,3.9,4,Lead,Redpoint,Sport,,85,7500
2025-05-03,Naked,5.12a/b,hiji tujuh,https://www.mountainproject.com/route/108341704/naked,1,Kentucky > Red River Gorge > (BRRP) Bald Rock Recreational Preserve > Chocolate Factory,3.3,2,Lead,Redpoint,Sport,,50,6800
2025-05-03,Snozzberries,5.11d,,https://www.mountainproject.com/route/108411358/snozzberries,1,Kentucky > Red River Gorge > (BRRP) Bald Rock Recreational Preserve > Chocolate Factory,3.8,3,Lead,Redpoint,Sport,,80,5500
2025-05-03,Hip to the Jive,5.11b,"undeviginti, quinque",https://www.mountainproject.com/route/107379148/hip-to-the-jive,1,Kentucky > Red River Gorge > (BRRP) Bald Rock Recreational Preserve > Chocolate Factory,3.3,3,Lead,Onsight,Sport,,65,4900
2025-04-30,The Reacharound,5.12c,"
",https://www.mountainproject.com/route/107055948/the-reacharound,1,Kentucky > Red River Gorge > (BRRP) Bald Rock Recreational Preserve > The Motherlode > (1) Buckeye Buttress,2.5,3,Lead,Redpoint,Sport,,40,7200
2025-04-24,Knuckle Sauce,5.12a,여덟과 셋,https://www.mountainproject.com/route/110889697/knuckle-sauce,1,Kentucky > Red River Gorge > (MFRP) Miller Fork Recreational Preserve > Deep End,3.5,3,Lead,Flash,Sport,,70,6600
2025-04-22,Break the Scene,5.12a,,https://www.mountainproject.com/route/106924124/break-the-scene,1,Kentucky > Red River Gorge > (PMRP) Pendergrass-Murray Recreational Preserve > Sore Heel Hollow > The Gallery,3.6,4,Lead,Redpoint,Sport,,50,6600
2025-04-22,Banksy,5.12d,སུམ་ཅུ་སོ་གཉིས།གཅིག།,https://www.mountainproject.com/route/119824977/banksy,1,Kentucky > Red River Gorge > (PMRP) Pendergrass-Murray Recreational Preserve > Sore Heel Hollow > The Gallery,3.4,3,Lead,Redpoint,Sport,,65,7500
2025-04-19,Mosaic,5.12c,,https://www.mountainproject.com/route/106895798/mosaic,1,Kentucky > Red River Gorge > (PMRP) Pendergrass-Murray Recreational Preserve > Sore Heel Hollow > The Gallery,3.7,3,Lead,Flash,Sport,,60,7200
2025-04-12,Iniquity,5.12b,द्वादश च त्रीणि च,https://www.mountainproject.com/route/106586316/iniquity,1,Kentucky > Red River Gorge > Muir Valley > Midnight Surf,3.5,4,Lead,Onsight,Sport,,90,6900
2025-04-09,Medusa,5.12a,,https://www.mountainproject.com/route/202503208/medusa,1,Kentucky > Red River Gorge > (MFRP) Miller Fork Recreational Preserve > Monster Wall,3.6,3,Lead,Flash,Sport,,100,6600
2025-04-09,Godzilla,5.12d,སུམ་ཅུ་རྩ་གཉིས་དང་བཞི།,https://www.mountainproject.com/route/202503098/godzilla,1,Kentucky > Red River Gorge > (MFRP) Miller Fork Recreational Preserve > Monster Wall,3.5,4,Lead,Redpoint,Sport,,120,7500
2025-04-08,Bulldog,V8,,https://www.mountainproject.com/route/113695083/bulldog,1,Kentucky > Red River Gorge > Red River Gorge Bouldering > Friction Slab AKA Bulldog Boulder,3.9,3,Send,,Boulder,,12,20800
2025-04-01,Tissue Tiger,5.12b,"bîst û sê, panzdeh",https://www.mountainproject.com/route/105870261/tissue-tiger,1,Kentucky > Red River Gorge > Northern Gorge > Military Wall,3.6,2,Lead,Redpoint,Sport,,70,6900
2025-04-01,Nicorette,5.12a,"
",https://www.mountainproject.com/route/106594004/nicorette,1,Kentucky > Red River Gorge > Northern Gorge > Military Wall,3.3,3,Lead,Redpoint,Sport,,60,6600
2025-04-01,Tie One On,5.13a,neljä yhdeksän,https://www.mountainproject.com/route/113828925/tie-one-on,1,Kentucky > Red River Gorge > Natural Bridge Region > Beer Trailer Crag,2.8,3,Lead,Redpoint,Sport,5.12d,55,8600
2025-03-28,Prometheus Unbound,5.13a,"
",https://www.mountainproject.com/route/106575798/prometheus-unbound,1,Kentucky > Red River Gorge > Muir Valley > The Sanctuary,3.9,3,Lead,Redpoint,Sport,,100,8600
2025-03-28,Chainsaw Massacre,5.12a,"
",https://www.mountainproject.com/route/106153682/chainsaw-massacre,1,Kentucky > Red River Gorge > (BRRP) Bald Rock Recreational Preserve > The Motherlode > (5) Undertow Wall,3.1,1,Lead,Flash,Sport,,60,6600
2025-03-24,Massive Attack,5.12a,twee twintig,https://www.mountainproject.com/route/109053849/massive-attack,1,Kentucky > Red River Gorge > (PMRP) Pendergrass-Murray Recreational Preserve > Sore Heel Hollow > Curbside,3.5,4,Lead,Redpoint,Sport,,85,6600
2025-03-23,Push Present,5.11d,"
",https://www.mountainproject.com/route/111324974/push-present,1,Kentucky > Red River Gorge > (MFRP) Miller Fork Recreational Preserve > The Infirmary,2.8,3,Lead,Onsight,Sport,,80,5500
2025-03-23,Pandemic,5.12b,"
",https://www.mountainproject.com/route/111366282/pandemic,1,Kentucky > Red River Gorge > (MFRP) Miller Fork Recreational Preserve > The Infirmary,3.2,3,Lead,Redpoint,Sport,,80,6900
2025-03-23,Halitosis,5.12d,"שלושים ואחת, תשע",https://www.mountainproject.com/route/115460936/halitosis,1,Kentucky > Red River Gorge > (MFRP) Miller Fork Recreational Preserve > The Infirmary,2.8,3,Lead,Redpoint,Sport,,75,7500
2025-03-20,Mule,5.12c,"
",https://www.mountainproject.com/route/106594009/mule,1,Kentucky > Red River Gorge > Northern Gorge > Military Wall,3.7,2,Lead,Redpoint,Sport,,90,7200
2025-03-18,Super Slab,5.12+,Direct start or you didn’t send,https://www.mountainproject.com/route/106593331/super-slab,1,Kentucky > Red River Gorge > Northern Gorge > Military Wall,3.6,4,Lead,Redpoint,Sport,,90,7300
2025-03-09,Sundial,5.11-,"
",https://www.mountainproject.com/route/111688212/sundial,1,Kentucky > Red River Gorge > (MFRP) Miller Fork Recreational Preserve > Serenity Point,3.6,4,Lead,Onsight,Sport,,90,4700
2025-03-09,Can't Touch This,5.12c,"
",https://www.mountainproject.com/route/116354202/cant-touch-this,1,Kentucky > Red River Gorge > (MFRP) Miller Fork Recreational Preserve > Serenity Point,3.1,3,Lead,Redpoint,Sport,,70,7200
2025-03-07,Extra Backup,5.12a/b,"
",https://www.mountainproject.com/route/109446737/extra-backup,1,Kentucky > Red River Gorge > (PMRP) Pendergrass-Murray Recreational Preserve > Drive-Bob Parking > Drive-By Crag,2.8,3,Lead,Redpoint,Sport,,70,6800
2025-03-01,Eddie is Iron Maiden,5.12b,"
",https://www.mountainproject.com/route/202503386/eddie-is-iron-maiden,1,Kentucky > Red River Gorge > (MFRP) Miller Fork Recreational Preserve > Monster Wall,3.7,3,Lead,Redpoint,Sport,,80,6900
2025-01-27,Swahili Slang,5.12b/c,Ομάδα δώδεκα έως είκοσι δύο,https://www.mountainproject.com/route/106598941/swahili-slang,1,Kentucky > Red River Gorge > (BRRP) Bald Rock Recreational Preserve > The Motherlode > (2) Warm-Up Wall,3.8,4,Lead,Redpoint,Sport,,75,7100
2025-01-27,Breathe Right,5.11c,"
",https://www.mountainproject.com/route/106975155/breathe-right,1,Kentucky > Red River Gorge > (BRRP) Bald Rock Recreational Preserve > The Motherlode > (2) Warm-Up Wall,2.7,2,Lead,Onsight,Sport,,60,5200
2025-01-12,Reliquary,5.12b,"
",https://www.mountainproject.com/route/106045291/reliquary,1,Kentucky > Red River Gorge > Northern Gorge > Military Wall,3.7,3,Lead,Flash,Sport,,60,6900
2025-01-09,Ball Scratcher,5.12a,"
",https://www.mountainproject.com/route/106598936/ball-scratcher,1,Kentucky > Red River Gorge > (BRRP) Bald Rock Recreational Preserve > The Motherlode > (1) Buckeye Buttress,3.3,3,Lead,Onsight,Sport,,50,6600
2024-12-30,Ruda Tovar (AKA Porter's 12c),5.12d,"
",https://www.mountainproject.com/route/107533585/ruda-tovar-aka-porters-12c,1,West Virginia > The New River Gorge Region > Meadow River Gorge > Lower Meadow > 3 Greatest Show Area,3.8,4,Lead,Redpoint,Sport,,70,7500
2024-12-29,Lyin' and Stealin',5.12b,"
",https://www.mountainproject.com/route/107074712/lyin-and-stealin,1,West Virginia > The New River Gorge Region > Summersville (Gauley River) Area > Summersville Lake (main) > Circus Wall,4,4,Lead,Redpoint,Sport,,80,6900
2024-12-08,Wearing Out My Welcome,5.12a,"
",https://www.mountainproject.com/route/111251556/wearing-out-my-welcome,1,Kentucky > Red River Gorge > (PMRP) Pendergrass-Murray Recreational Preserve > Sore Heel Hollow > Courtesy Wall,3.7,3,Lead,Onsight,Sport,,80,6600
2024-12-07,Cremulator,5.13a,十三，十一,https://www.mountainproject.com/route/118350037/cremulator,1,Kentucky > Red River Gorge > (MFRP) Miller Fork Recreational Preserve > The Morgue,3.5,4,Lead,Redpoint,Sport,,70,8600
2024-12-04,Mirage,5.12c,"
",https://www.mountainproject.com/route/107331394/mirage,1,Kentucky > Red River Gorge > Muir Valley > The Solarium,3.7,2,Lead,Onsight,Sport,5.12b,95,7200
2024-12-04,Bundle of Joy,5.13a,Sáu giờ mười bốn,https://www.mountainproject.com/route/109553099/bundle-of-joy,1,Kentucky > Red River Gorge > Muir Valley > The Solarium,3.8,4,Lead,Redpoint,Sport,5.13a,90,8600
2024-11-27,J's on My Feet,5.12c,"
",https://www.mountainproject.com/route/111014632/js-on-my-feet,1,Kentucky > Red River Gorge > (MFRP) Miller Fork Recreational Preserve > Fruit Wall,2.7,3,Lead,Onsight,Sport,,70,7200
2024-11-26,The Vole,5.12d,,https://www.mountainproject.com/route/122002412/the-vole,1,Kentucky > Red River Gorge > (MFRP) Miller Fork Recreational Preserve > The Portal,2.8,3,Lead,Redpoint,Sport,,50,7500
2024-11-25,Sluts are CooI,5.12a,,https://www.mountainproject.com/route/111281182/sluts-are-cooi,1,Kentucky > Red River Gorge > Natural Bridge Region > Beer Trailer Crag,2.9,2,Lead,Flash,Sport,,40,6600
2024-11-25,Morning Wood,5.12a,neljä neljätoista,https://www.mountainproject.com/route/108401317/morning-wood,1,Kentucky > Red River Gorge > Natural Bridge Region > Beer Trailer Crag,3.1,3,Lead,Onsight,Sport,,40,6600
2024-11-22,Toxicondendron,5.11b,"
",https://www.mountainproject.com/route/109695855/toxicondendron,1,Kentucky > Red River Gorge > (BRRP) Bald Rock Recreational Preserve > Chocolate Factory,3.4,2,Lead,Redpoint,Sport,,70,4900
2024-11-18,Eye of the Liger,5.12a,द्वादश संख्या एकविंशति संख्या च,https://www.mountainproject.com/route/121640717/eye-of-the-liger,1,Kentucky > Red River Gorge > Natural Bridge Region > The Zoo (CLOSED) > The Old Zoo (CLOSED),2.9,2,Lead,Redpoint,Sport,,45,6600
2024-11-18,Spiral Snake,5.12c,"Zevenentwintig, drieëntwintig",https://www.mountainproject.com/route/123561099/spiral-snake,1,Kentucky > Red River Gorge > Natural Bridge Region > The Zoo (CLOSED) > The Old Zoo (CLOSED),3.7,4,Lead,Redpoint,Sport,,80,7200
2024-11-16,Count Dooku,5.11d,sefulutasi iva,https://www.mountainproject.com/route/110429174/count-dooku,1,Kentucky > Red River Gorge > (PMRP) Pendergrass-Murray Recreational Preserve > Coal Bank Hollow > The Dark Side,3.5,4,Lead,Onsight,Sport,,85,5500
2024-11-16,Grippy Green,5.12a/b,,https://www.mountainproject.com/route/108383625/grippy-green,1,Kentucky > Red River Gorge > (PMRP) Pendergrass-Murray Recreational Preserve > Coal Bank Hollow > The Dark Side,2.9,3,Lead,Onsight,Sport,,70,6800
2024-11-16,Thunderface,5.12d,"
",https://www.mountainproject.com/route/116809012/thunderface,1,Kentucky > Red River Gorge > (PMRP) Pendergrass-Murray Recreational Preserve > Flat Hollow > Velo Crag,3.5,4,Lead,Redpoint,Sport,5.12c,70,7500
2024-11-11,The Fray Train,5.12b,neljä neljä,https://www.mountainproject.com/route/111790305/the-fray-train,1,Kentucky > Red River Gorge > Natural Bridge Region > Beer Trailer Crag,2.5,4,Lead,Redpoint,Sport,,55,6900
2024-11-11,Cognitive Dissonance,5.12a,"
",https://www.mountainproject.com/route/119005972/cognitive-dissonance,1,Kentucky > Red River Gorge > Natural Bridge Region > Beer Trailer Crag,3.5,3,Lead,Redpoint,Sport,,70,6600
2024-11-03,Green Room,5.12b,"
",https://www.mountainproject.com/route/111366315/green-room,1,Kentucky > Red River Gorge > (MFRP) Miller Fork Recreational Preserve > Deep End,2.8,3,Lead,Flash,Sport,,60,6900
2024-10-28,Black Pearl,5.11d,Veintiséis y veintiuno,https://www.mountainproject.com/route/117697618/black-pearl,1,Kentucky > Red River Gorge > (PMRP) Pendergrass-Murray Recreational Preserve > Flat Hollow > The Shipyard,2.5,3,Lead,Onsight,Sport,,50,5500
2024-10-20,Route 22,5.12a,"
",https://www.mountainproject.com/route/114783084/route-22,1,Kentucky > Red River Gorge > (PMRP) Pendergrass-Murray Recreational Preserve > Drive-Bob Parking > Bob Marley,2.4,3,Lead,Redpoint,Sport,,80,6600
2024-10-20,Mas Choss,5.11c,"
",https://www.mountainproject.com/route/114783065/mas-choss,1,Kentucky > Red River Gorge > (PMRP) Pendergrass-Murray Recreational Preserve > Drive-Bob Parking > Bob Marley,3.2,3,Lead,Onsight,Sport,,80,5200
2024-10-20,Reticent,5.12c,Keturiolika penkiolika,https://www.mountainproject.com/route/109553036/reticent,1,Kentucky > Red River Gorge > (PMRP) Pendergrass-Murray Recreational Preserve > Drive-Bob Parking > Bob Marley,3.1,3,Lead,Flash,Sport,,50,7200
2024-10-13,Fake ID,5.11c,"
",https://www.mountainproject.com/route/113642598/fake-id,1,Kentucky > Red River Gorge > Natural Bridge Region > Beer Trailer Crag,2.9,3,Lead,Onsight,Sport,,50,5200
2024-10-13,Hippocrite,5.12a,"
",https://www.mountainproject.com/route/106126244/hippocrite,1,Kentucky > Red River Gorge > Natural Bridge Region > The Zoo (CLOSED) > The Old Zoo (CLOSED),3.5,3,Lead,Onsight,Sport,,45,6600
2024-10-13,Hang Over,5.12c,"
",https://www.mountainproject.com/route/111591162/hang-over,1,Kentucky > Red River Gorge > Natural Bridge Region > Beer Trailer Crag,3.7,3,Lead,Redpoint,Sport,,55,7200
2024-10-08,Crimps and Bloods,5.12b,पन्ध्र बीस,https://www.mountainproject.com/route/119804325/crimps-and-bloods,1,Kentucky > Red River Gorge > (PMRP) Pendergrass-Murray Recreational Preserve > Drive-Bob Parking > Drive-By Crag,3.3,4,Lead,Redpoint,Sport,,95,6900
2024-10-05,Swallow the Hollow,5.12a,"
",https://www.mountainproject.com/route/107974280/swallow-the-hollow,1,Kentucky > Red River Gorge > (PMRP) Pendergrass-Murray Recreational Preserve > Coal Bank Hollow > The Crossroads,3.2,4,Lead,Onsight,Sport,,70,6600
2024-10-05,Legalize It,5.12a,"
",https://www.mountainproject.com/route/119562877/legalize-it,1,Kentucky > Red River Gorge > (PMRP) Pendergrass-Murray Recreational Preserve > Coal Bank Hollow > The Crossroads,3.2,3,Lead,Onsight,Sport,,45,6600
2024-10-03,Rocket Dog,5.12b,"Douăzeci și opt, douăzeci și trei",https://www.mountainproject.com/route/106305165/rocket-dog,1,Kentucky > Red River Gorge > (BRRP) Bald Rock Recreational Preserve > The Motherlode > (5) Undertow Wall,3.3,1,Lead,Redpoint,Sport,,55,6900
2024-10-03,The Low Easy One,5.12b,"
",https://www.mountainproject.com/route/106895870/the-low-easy-one,1,Kentucky > Red River Gorge > (BRRP) Bald Rock Recreational Preserve > The Motherlode > (5) Undertow Wall,2.8,1,Lead,Onsight,Sport,,55,6900
2024-10-02,Flaccid Fruit,5.12b,"venti, nove",https://www.mountainproject.com/route/117374200/flaccid-fruit,1,Kentucky > Red River Gorge > (MFRP) Miller Fork Recreational Preserve > Fruit Wall,3,4,Lead,Redpoint,Sport,,95,6900
2024-10-02,Mojo Bro Tank Bar Crawl,5.12a,"
",https://www.mountainproject.com/route/111014640/mojo-bro-tank-bar-crawl,1,Kentucky > Red River Gorge > (MFRP) Miller Fork Recreational Preserve > Fruit Wall,3,3,Lead,Onsight,Sport,,70,6600
2024-10-02,Fruit by the Foot,5.12a/b,,https://www.mountainproject.com/route/111125297/fruit-by-the-foot,1,Kentucky > Red River Gorge > (MFRP) Miller Fork Recreational Preserve > Fruit Wall,3.6,4,Lead,Onsight,Sport,,80,6800
2024-09-29,Don't Call it a Comeback,5.11d,"
",https://www.mountainproject.com/route/113805508/dont-call-it-a-comeback,1,Kentucky > Red River Gorge > (PMRP) Pendergrass-Murray Recreational Preserve > Flat Hollow > Throwback Crag,3.7,3,Lead,Onsight,Sport,,100,5500
2024-09-29,Irreverent C,5.12b,"
",https://www.mountainproject.com/route/108143848/irreverent-c,1,Kentucky > Red River Gorge > (PMRP) Pendergrass-Murray Recreational Preserve > Sore Heel Hollow > Shady Grove,3.3,2,Lead,Onsight,Sport,,90,6900
2024-09-28,Dogleg,5.12a,"
",https://www.mountainproject.com/route/106290553/dogleg,1,Kentucky > Red River Gorge > (PMRP) Pendergrass-Murray Recreational Preserve > Drive-Bob Parking > Bob Marley,3.7,3,Lead,Redpoint,Sport,,90,6600
2024-09-21,Abiyoyo,5.12b,"
",https://www.mountainproject.com/route/106978712/abiyoyo,1,Kentucky > Red River Gorge > Muir Valley > The Solarium,3.8,4,Lead,Onsight,Sport,,95,6900
2024-09-15,Signed in Blood,5.12b,སུམ་ཅུ་རྩ་གཉིས་དང་དགུ།,https://www.mountainproject.com/route/123540338/signed-in-blood,1,Kentucky > Red River Gorge > (PMRP) Pendergrass-Murray Recreational Preserve > Coal Bank Hollow > The Crossroads,2.8,4,Lead,Redpoint,Sport,,65,6900
2024-09-14,Crumblies,5.12a,"yigirma bir, yigirma",https://www.mountainproject.com/route/114945404/crumblies,1,Kentucky > Red River Gorge > (PMRP) Pendergrass-Murray Recreational Preserve > Sore Heel Hollow > Bronaugh Wall,3.2,2,Lead,Onsight,Sport,,55,6600
2024-09-12,Wake and Bake,5.11d,"
",https://www.mountainproject.com/route/108337049/wake-and-bake,1,Kentucky > Red River Gorge > (PMRP) Pendergrass-Murray Recreational Preserve > Coal Bank Hollow > The Crossroads,3.1,3,Lead,Onsight,Sport,,55,5500
2024-09-12,Praying Mantis,5.12a,Sáu giờ mười lăm,https://www.mountainproject.com/route/122162697/praying-mantis,1,Kentucky > Red River Gorge > (PMRP) Pendergrass-Murray Recreational Preserve > Coal Bank Hollow > The Crossroads,2.7,3,Lead,Redpoint,Sport,,50,6600
2024-09-07,N4,5.10c/d,,https://www.mountainproject.com/route/108725074/n4,1,Kentucky > Red River Gorge > (PMRP) Pendergrass-Murray Recreational Preserve > Coal Bank Hollow > The Crossroads,2,2,Lead,Onsight,Sport,,40,3400
2024-09-07,Banjolero,5.10c,twee twintig,https://www.mountainproject.com/route/107860456/banjolero,1,Kentucky > Red River Gorge > (PMRP) Pendergrass-Murray Recreational Preserve > Coal Bank Hollow > The Crossroads,3.3,3,Lead,Onsight,Sport,,65,3200
2024-08-17,Maximum Overdrive,5.11c,"
",https://www.mountainproject.com/route/105994645/maximum-overdrive,1,West Virginia > The New River Gorge Region > Summersville (Gauley River) Area > Summersville Lake (main) > The Long Wall,3.4,3,Lead,Onsight,Sport,,70,5200
2024-08-17,Narcissus,5.12a,"
",https://www.mountainproject.com/route/105918466/narcissus,1,West Virginia > The New River Gorge Region > Summersville (Gauley River) Area > Summersville Lake (main) > Narcissus Cave,3.6,2,Lead,Onsight,Sport,,55,6600
2024-08-17,Sloth,5.12c,"
",https://www.mountainproject.com/route/106508083/sloth,1,West Virginia > The New River Gorge Region > New River Gorge Proper > Endless Wall > R) The Cirque,3.4,4,Lead,Redpoint,Sport,5.12c,70,7200
2024-08-16,Strip Tease,5.12a,"
",https://www.mountainproject.com/route/108359076/strip-tease,1,West Virginia > The New River Gorge Region > Meadow River Gorge > Upper Meadow > 4. Third Buttress,2.8,4,Lead,Onsight,Sport,,50,6600
2024-08-16,Skull In Hole,5.12a,"
",https://www.mountainproject.com/route/106608544/skull-in-hole,1,West Virginia > The New River Gorge Region > Meadow River Gorge > Upper Meadow > 4. Third Buttress,3,4,Lead,Onsight,Sport,,60,6600
2024-08-16,Starry,5.12a,"
",https://www.mountainproject.com/route/107583304/starry,1,West Virginia > The New River Gorge Region > Meadow River Gorge > Upper Meadow > 4. Third Buttress,3.6,2,Lead,Onsight,Sport,,90,6600
2024-08-15,Flirting with E,5.11d,,https://www.mountainproject.com/route/106001347/flirting-with-e,1,West Virginia > The New River Gorge Region > Summersville (Gauley River) Area > Summersville Lake (main) > The Long Wall,3.7,4,Lead,Redpoint,Sport,,60,5500
2024-08-15,Satisfaction Guaranteed,5.11a/b,"
",https://www.mountainproject.com/route/105918469/satisfaction-guaranteed,1,West Virginia > The New River Gorge Region > Summersville (Gauley River) Area > Summersville Lake (main) > The Satisfaction Wall,3.8,3,Lead,Onsight,Sport,,65,4800
2024-08-12,Sail,5.12b/c,"
",https://www.mountainproject.com/route/117370382/sail,1,Kentucky > Red River Gorge > (PMRP) Pendergrass-Murray Recreational Preserve > Flat Hollow > The Shipyard,3.5,4,Lead,Redpoint,Sport,5.12b/c,50,7100
2024-08-03,Eyeball Chaw,5.12a,sampu at dalawampu't lima,https://www.mountainproject.com/route/108405570/eyeball-chaw,1,Kentucky > Red River Gorge > (PMRP) Pendergrass-Murray Recreational Preserve > Drive-Bob Parking > Bob Marley,3,3,Lead,Onsight,Sport,5.12a,60,6600
2024-07-31,Cabin Boy Fever,5.11b,,https://www.mountainproject.com/route/112893274/cabin-boy-fever,1,Kentucky > Red River Gorge > (PMRP) Pendergrass-Murray Recreational Preserve > Flat Hollow > The Shipyard,2.9,3,Lead,Onsight,Sport,,55,4900
2024-07-09,Toxic Hueco,5.11d,,https://www.mountainproject.com/route/106494909/toxic-hueco,1,West Virginia > The New River Gorge Region > Meadow River Gorge > Lower Meadow > 2 Toxic Hueco Area,3.9,4,Lead,Redpoint,Sport,,80,5500
2024-07-07,Just Another Pretty Face,5.11b,,https://www.mountainproject.com/route/107138716/just-another-pretty-face,1,West Virginia > The New River Gorge Region > Meadow River Gorge > Lower Meadow > 3 Greatest Show Area,3.4,2,Lead,Onsight,Sport,5.11b,70,4900
2024-07-06,The Warm-Up,5.11a,,https://www.mountainproject.com/route/106866838/the-warm-up,1,West Virginia > The New River Gorge Region > New River Gorge Proper > Endless Wall > R) The Cirque,2.6,3,Lead,Onsight,Sport,5.11a,50,4600
2024-07-01,June Bug,5.11d,три едно,https://www.mountainproject.com/route/108337000/june-bug,1,Kentucky > Red River Gorge > (PMRP) Pendergrass-Murray Recreational Preserve > Coal Bank Hollow > The Crossroads,3,3,Lead,Redpoint,Sport,5.11d,55,5500
2024-07-01,October Sky,5.11c,,https://www.mountainproject.com/route/107974272/october-sky,1,Kentucky > Red River Gorge > (PMRP) Pendergrass-Murray Recreational Preserve > Coal Bank Hollow > The Crossroads,3.6,4,Lead,Onsight,Sport,5.11c,70,5200
2024-07-01,Fairweather Friend,5.10c,ဆယ့်ခြောက်ငါး,https://www.mountainproject.com/route/111124957/fairweather-friend,1,Kentucky > Red River Gorge > (PMRP) Pendergrass-Murray Recreational Preserve > Coal Bank Hollow > The Crossroads,3.5,3,Lead,Onsight,Sport,5.10c,80,3200
2024-07-01,Gung Ho,5.12b,sefulutasi fa,https://www.mountainproject.com/route/105891685/gung-ho,1,Kentucky > Red River Gorge > Northern Gorge > Military Wall,3.7,3,Lead,Redpoint,Sport,5.12b,60,6900
2024-07-01,Fuzzy Undercling,5.11b V4,,https://www.mountainproject.com/route/105870256/fuzzy-undercling,1,Kentucky > Red River Gorge > Northern Gorge > Military Wall,3.4,3,Lead,Redpoint,"Sport, Boulder",5.11b,60,4900
2024-06-12,Blank Canvas,5.12c,"שלושים ואחת, שמונה עשרה",https://www.mountainproject.com/route/113792845/blank-canvas,1,Kentucky > Red River Gorge > (PMRP) Pendergrass-Murray Recreational Preserve > Sore Heel Hollow > The Gallery,3.6,4,Lead,Redpoint,Sport,5.12c,60,7200
2024-06-09,The Dong Wall,5.10b,여덟과 열여덟,https://www.mountainproject.com/route/118035239/the-dong-wall,1,Kentucky > Red River Gorge > (BRRP) Bald Rock Recreational Preserve > South Park,2.9,3,Lead,Onsight,Sport,5.10b,50,2900
2024-06-09,Hippie Core Drill Machine,5.12a,,https://www.mountainproject.com/route/117927620/hippie-core-drill-machine,1,Kentucky > Red River Gorge > (BRRP) Bald Rock Recreational Preserve > South Park,3.4,3,Lead,Onsight,Sport,5.12a,85,6600
2024-06-08,Zen and the Art of Masturbation,5.12d,,https://www.mountainproject.com/route/108466010/zen-and-the-art-of-masturbation,1,Kentucky > Red River Gorge > (PMRP) Pendergrass-Murray Recreational Preserve > Sore Heel Hollow > The Gallery,3.9,4,Lead,Redpoint,Sport,5.12d,80,7500
2024-06-02,Short By a Foot,5.10c,neljä kuusitoista,https://www.mountainproject.com/route/111910470/short-by-a-foot,1,Kentucky > Red River Gorge > (PMRP) Pendergrass-Murray Recreational Preserve > Sore Heel Hollow > The Gallery,2.4,1,Lead,Onsight,Sport,5.10c,40,3200
2024-05-31,Deeper is Better,5.10b,,https://www.mountainproject.com/route/111769220/deeper-is-better,1,Kentucky > Red River Gorge > (PMRP) Pendergrass-Murray Recreational Preserve > Drive-Bob Parking > Drive-By Crag,2.8,3,Lead,Onsight,Sport,5.10b,60,2900
2024-05-29,Pool Boy,5.10b,Տասնյոթ տասներկու,https://www.mountainproject.com/route/110849887/pool-boy,1,Kentucky > Red River Gorge > (MFRP) Miller Fork Recreational Preserve > Deep End,3.2,2,Lead,Onsight,Sport,5.10b,80,2900
2024-05-27,The Mole,5.13a,Sembilan dan lima belas,https://www.mountainproject.com/route/119758593/the-mole,1,Kentucky > Red River Gorge > (MFRP) Miller Fork Recreational Preserve > The Portal,3.3,4,Lead,Redpoint,Sport,5.13a,60,8600
2024-05-22,Eager Beaver,5.12+,,https://www.mountainproject.com/route/111619983/eager-beaver,1,Kentucky > Red River Gorge > Natural Bridge Region > The Zoo (CLOSED) > Bird Cage Sector (CLOSED),3.7,4,Lead,Redpoint,Sport,5.12c,90,7300
2024-05-19,Crimpin' Ain't Easy,5.11c,Keturiolika keturiolika,https://www.mountainproject.com/route/112798141/crimpin-aint-easy,1,Kentucky > Red River Gorge > Natural Bridge Region > The Zoo (CLOSED) > Bird Cage Sector (CLOSED),3.4,3,Lead,Onsight,Sport,5.11c,85,5200
2024-04-25,Darkness Falls,5.13a,hiji duapuluh dua,https://www.mountainproject.com/route/108341662/darkness-falls,1,Kentucky > Red River Gorge > Natural Bridge Region > Beer Trailer Crag,3.9,4,Lead,Redpoint,Sport,5.12d,70,8600
2024-04-21,Icebreaker,5.12b,,https://www.mountainproject.com/route/108128595/icebreaker,1,Kentucky > Red River Gorge > (BRRP) Bald Rock Recreational Preserve > Chocolate Factory,3.3,3,Lead,Redpoint,Sport,5.12b,80,6900
2024-04-21,Eternal Fire,5.13c,"Douăzeci și opt, cinci",https://www.mountainproject.com/route/113883811/eternal-fire,1,Kentucky > Red River Gorge > (BRRP) Bald Rock Recreational Preserve > Chocolate Factory,4,4,Lead,Redpoint,Sport,5.13c,,9200
2024-04-18,Adult Swim,5.13a,,https://www.mountainproject.com/route/111268413/adult-swim,1,Kentucky > Red River Gorge > (MFRP) Miller Fork Recreational Preserve > Deep End,3.5,3,Lead,Redpoint,Sport,5.13a,85,8600
2024-04-17,J Rat's Back,5.12a,,https://www.mountainproject.com/route/106453221/j-rats-back,1,Kentucky > Red River Gorge > (BRRP) Bald Rock Recreational Preserve > Chocolate Factory,3.5,4,Lead,Onsight,Sport,5.12a,70,6600
2024-04-12,Cold Hard Bitch,5.12b,,https://www.mountainproject.com/route/112444779/cold-hard-bitch,1,Kentucky > Red River Gorge > (PMRP) Pendergrass-Murray Recreational Preserve > Drive-Bob Parking > Chica Bonita Wall,2.9,2,Lead,Flash,Sport,5.12a/b,40,6900
2024-04-07,The Dude Abides,5.11c,"yigirma bir, o'n ikki",https://www.mountainproject.com/route/107334440/the-dude-abides,1,Kentucky > Red River Gorge > (PMRP) Pendergrass-Murray Recreational Preserve > Drive-Bob Parking > Chica Bonita Wall,2.7,2,Lead,Flash,Sport,5.11c,65,5200
2024-03-24,Hot Gossip,5.10b,,https://www.mountainproject.com/route/120738054/hot-gossip,1,Kentucky > Red River Gorge > Muir Valley > The Sanctuary,2.8,2,Lead,Onsight,Sport,5.10a/b,65,2900
2024-03-24,Cosmic Trigger,5.12b,,https://www.mountainproject.com/route/106603157/cosmic-trigger,1,Kentucky > Red River Gorge > Muir Valley > Inner Sanctum,3.7,4,Lead,Redpoint,Sport,5.12b/c,80,6900
2024-03-23,Diminished Gluteal Syndrome,5.12c,Fünf eins,https://www.mountainproject.com/route/113697287/diminished-gluteal-syndrome,1,Kentucky > Red River Gorge > (MFRP) Miller Fork Recreational Preserve > The Infirmary,3.2,2,Lead,Flash,Sport,5.12b/c,100,7200
2024-03-16,The Dainty Butterfly,5.12c,twee agt,https://www.mountainproject.com/route/111312129/the-dainty-butterfly,1,Kentucky > Red River Gorge > (BRRP) Bald Rock Recreational Preserve > Chocolate Factory,3.5,3,Lead,Redpoint,Sport,5.12c,55,7200
2024-03-14,Triple Sec aka Fifty Bucks,5.12d,"Douăzeci și opt, paisprezece",https://www.mountainproject.com/route/106193281/triple-sec-aka-fifty-bucks,1,Kentucky > Red River Gorge > Muir Valley > The Sanctuary,3.9,4,Lead,Redpoint,Sport,5.12d,95,7500
2024-03-14,Naughty Neighbors,5.10d,"
",https://www.mountainproject.com/route/106128957/naughty-neighbors,1,Kentucky > Red River Gorge > Muir Valley > Inner Sanctum,2.6,3,Lead,Onsight,Sport,5.10d,55,3500
2024-03-14,Bad Company,5.10b,"
",https://www.mountainproject.com/route/106128972/bad-company,1,Kentucky > Red River Gorge > Muir Valley > Inner Sanctum,2.9,2,Lead,Onsight,Sport,5.10b,50,2900
2024-03-12,Crimp My Ride,5.12a,"Hogeita hamar, hemeretzi",https://www.mountainproject.com/route/118190799/crimp-my-ride,1,Kentucky > Red River Gorge > (BRRP) Bald Rock Recreational Preserve > Chocolate Factory,3,4,Lead,Redpoint,Sport,5.12a,70,6600
2024-03-12,The Sauce,5.12b,"
",https://www.mountainproject.com/route/106925412/the-sauce,1,Kentucky > Red River Gorge > (BRRP) Bald Rock Recreational Preserve > The Motherlode > (5) Undertow Wall,2.8,2,Lead,Redpoint,Sport,5.12b,60,6900
2024-03-11,Psyberpunk,5.11c,sefulutasi sefuluiva,https://www.mountainproject.com/route/106915706/psyberpunk,1,Kentucky > Red River Gorge > Muir Valley > Inner Sanctum,3.5,4,Lead,Onsight,Sport,5.11c,65,5200
2024-03-10,Jesus Wept,5.12d,སུམ་ཅུ་སོ་གཉིས།བཅུ་དགུ།,https://www.mountainproject.com/route/106333601/jesus-wept,1,Kentucky > Red River Gorge > Muir Valley > The Sanctuary,3.9,4,Lead,Redpoint,Sport,5.12c,95,7500
2024-03-07,Centerfire,5.11c,"
",https://www.mountainproject.com/route/106290265/centerfire,1,Kentucky > Red River Gorge > Natural Bridge Region > Torrent Falls (Limited Access),3.8,4,Lead,Onsight,Sport,5.11c,80,5200
2024-03-07,Steelworker,5.12c,द्वादशसंख्या च पञ्चदशसंख्या च,https://www.mountainproject.com/route/106333624/steelworker,1,Kentucky > Red River Gorge > Natural Bridge Region > Torrent Falls (Limited Access),3.9,2,Lead,Redpoint,Sport,5.12c,80,7200
2024-03-05,Scalpel,5.12d,"
",https://www.mountainproject.com/route/111857208/scalpel,1,Kentucky > Red River Gorge > (MFRP) Miller Fork Recreational Preserve > The Morgue,3.7,4,Lead,Redpoint,Sport,5.12d,90,7500
2024-03-03,Ebola,5.12b/c,Veintiséis y diecinueve,https://www.mountainproject.com/route/111311280/ebola,1,Kentucky > Red River Gorge > (MFRP) Miller Fork Recreational Preserve > The Infirmary,3.3,4,Lead,Redpoint,Sport,5.12b/c,70,7100
2024-02-29,Golden Touch,5.13b,"
",https://www.mountainproject.com/route/106543000/golden-touch,1,Kentucky > Red River Gorge > (BRRP) Bald Rock Recreational Preserve > The Motherlode > (1) Buckeye Buttress,3.1,4,Lead,Redpoint,Sport,5.13b,45,8900
2024-02-23,Coroner,5.12c,여덟과 열넷,https://www.mountainproject.com/route/111310990/coroner,1,Kentucky > Red River Gorge > (MFRP) Miller Fork Recreational Preserve > The Morgue,3.8,4,Lead,Redpoint,Sport,5.12c,90,7200
2024-02-04,The Middle Path,5.12c,"
",https://www.mountainproject.com/route/113806776/the-middle-path,1,Kentucky > Red River Gorge > (MFRP) Miller Fork Recreational Preserve > Monastery,3.6,4,Lead,Redpoint,Sport,5.12c,60,7200
2024-01-22,The Rifleman,5.12b/c,"
",https://www.mountainproject.com/route/111400357/the-rifleman,1,Kentucky > Red River Gorge > Northern Gorge > Eastern Sky Bridge Ridge,3,3,Lead,Redpoint,Sport,5.12b,70,7100
2024-01-11,Brachial Plexus,5.11d,"venti, sedese",https://www.mountainproject.com/route/111170541/brachial-plexus,1,Kentucky > Red River Gorge > (MFRP) Miller Fork Recreational Preserve > The Infirmary,3.5,3,Lead,Onsight,Sport,5.11c,80,5500
2024-01-11,Beta Blocker,5.12b,,https://www.mountainproject.com/route/111790230/beta-blocker,1,Kentucky > Red River Gorge > (MFRP) Miller Fork Recreational Preserve > The Infirmary,3.4,4,Lead,Onsight,Sport,5.12b,75,6900
2024-01-03,Appalachian Spring,5.13a,"mejilelogun, ọkan",https://www.mountainproject.com/route/106599327/appalachian-spring,1,Kentucky > Red River Gorge > Northern Gorge > Funk Rock City,3.9,4,Lead,Redpoint,Sport,5.13a,80,8600
2024-01-01,Buff the Wood,5.12b,,https://www.mountainproject.com/route/106261131/buff-the-wood,1,Kentucky > Red River Gorge > (BRRP) Bald Rock Recreational Preserve > The Motherlode > (1) Buckeye Buttress,3.5,2,Lead,Redpoint,Sport,5.12b/c,55,6900
2023-12-30,Trad Sucker,5.11b,पन्ध्र पन्ध्र,https://www.mountainproject.com/route/106164148/trad-sucker,1,Kentucky > Red River Gorge > (BRRP) Bald Rock Recreational Preserve > The Motherlode > (1) Buckeye Buttress,2.6,2,Lead,Onsight,Sport,5.11a,40,4900
2023-12-23,Heart Shaped Box,5.12c,,https://www.mountainproject.com/route/106286388/heart-shaped-box,1,Kentucky > Red River Gorge > (BRRP) Bald Rock Recreational Preserve > The Motherlode > (1) Buckeye Buttress,3.5,4,Lead,Redpoint,Sport,5.12c,50,7200
2023-12-16,Check Your Grip,5.12a,"undeviginti, sex",https://www.mountainproject.com/route/106081909/check-your-grip,1,Kentucky > Red River Gorge > (PMRP) Pendergrass-Murray Recreational Preserve > Drive-Bob Parking > Drive-By Crag,3.8,3,Lead,Redpoint,Sport,5.12a,80,6600
2023-12-15,Hot For Teacher,5.12c,,https://www.mountainproject.com/route/106969294/hot-for-teacher,1,Kentucky > Red River Gorge > (BRRP) Bald Rock Recreational Preserve > The Motherlode > (3) GMC Wall,3.4,3,Lead,Redpoint,Sport,5.12c,75,7200
2023-12-12,Stain,5.12c,"Douăzeci și opt, opt",https://www.mountainproject.com/route/106286382/stain,1,Kentucky > Red River Gorge > (BRRP) Bald Rock Recreational Preserve > The Motherlode > (1) Buckeye Buttress,3.8,3,Lead,Redpoint,Sport,5.12c,50,7200
2023-11-29,Gene Wilder,5.12d,ဆယ့်ခြောက်နှစ်ဆယ်,https://www.mountainproject.com/route/108430483/gene-wilder,1,Kentucky > Red River Gorge > (BRRP) Bald Rock Recreational Preserve > Chocolate Factory,4,4,Lead,Redpoint,Sport,5.12d,75,7500
2023-11-27,No Fluff,5.11d,,https://www.mountainproject.com/route/107055928/no-fluff,1,Kentucky > Red River Gorge > (PMRP) Pendergrass-Murray Recreational Preserve > Coal Bank Hollow > Gold Coast,2.1,2,Lead,Onsight,Sport,5.11d,30,5500
2023-11-15,Robotic Thumb,5.10b,"ceithre cinn is fiche, cúig déag",https://www.mountainproject.com/route/107892930/robotic-thumb,1,Kentucky > Red River Gorge > (BRRP) Bald Rock Recreational Preserve > Chocolate Factory,3.5,4,Lead,Onsight,Sport,5.10b,60,2900
2023-11-14,Cell Block Six,5.12c,द्वादशसंख्या चतुर्दशसंख्या च,https://www.mountainproject.com/route/106586323/cell-block-six,1,Kentucky > Red River Gorge > Muir Valley > Midnight Surf,3.9,4,Lead,Redpoint,Sport,5.12c,80,7200
2023-11-14,Tao Bato,5.11a,Sáu năm,https://www.mountainproject.com/route/107203340/tao-bato,1,Kentucky > Red River Gorge > Muir Valley > The Boneyard,2.7,2,Lead,Onsight,Sport,5.10c/d,60,4600
2023-11-08,The Return of Frank Byron,5.12d,十三，二十一,https://www.mountainproject.com/route/112064967/the-return-of-frank-byron,1,Kentucky > Red River Gorge > (PMRP) Pendergrass-Murray Recreational Preserve > Sore Heel Hollow > Curbside,3.5,4,Lead,Redpoint,Sport,5.12d,50,7500
2023-11-08,Little Teapot,5.12a,,https://www.mountainproject.com/route/106982516/little-teapot,1,Kentucky > Red River Gorge > (PMRP) Pendergrass-Murray Recreational Preserve > Sore Heel Hollow > Bronaugh Wall,3.1,3,Lead,Flash,Sport,5.12a,50,6600
2023-10-31,No Redemption,5.13b,여덟과 셋,https://www.mountainproject.com/route/108750922/no-redemption,1,Kentucky > Red River Gorge > (PMRP) Pendergrass-Murray Recreational Preserve > Drive-Bob Parking > Bob Marley,3.9,4,Lead,Redpoint,Sport,5.13b,80,8900
2023-10-18,Swamp Gator,5.12b,hiji genep,https://www.mountainproject.com/route/110955673/swamp-gator,1,Kentucky > Red River Gorge > (MFRP) Miller Fork Recreational Preserve > Chaos,3.5,3,Lead,Redpoint,Sport,5.12a,60,6900
2023-10-18,Live with a Curse,5.12d,,https://www.mountainproject.com/route/114328349/live-with-a-curse,1,Kentucky > Red River Gorge > (MFRP) Miller Fork Recreational Preserve > Chaos,3.3,3,Lead,Redpoint,Sport,5.12c,70,7500
2023-10-17,Demon Seed,5.12c,Diciotto e diciotto,https://www.mountainproject.com/route/109253387/demon-seed,1,Kentucky > Red River Gorge > (PMRP) Pendergrass-Murray Recreational Preserve > Drive-Bob Parking > Bob Marley,3.9,4,Lead,Redpoint,Sport,5.12c,100,7200
2023-10-13,Toker,5.11a,Տասնյոթ քսան,https://www.mountainproject.com/route/106427242/toker,1,Kentucky > Red River Gorge > (PMRP) Pendergrass-Murray Recreational Preserve > Drive-Bob Parking > Bob Marley,3.6,4,Lead,Onsight,Sport,5.11a,70,4600
2023-10-11,Orange Juice,5.12c,"
",https://www.mountainproject.com/route/106599268/orange-juice,1,Kentucky > Red River Gorge > Northern Gorge > Funk Rock City,3.9,4,Lead,Redpoint,Sport,5.12c,90,7200
2023-10-07,Beta-vul Pipeline,5.12a,,https://www.mountainproject.com/route/106118250/beta-vul-pipeline,1,Kentucky > Red River Gorge > (PMRP) Pendergrass-Murray Recreational Preserve > Drive-Bob Parking > Bob Marley,3.1,3,Lead,Onsight,Sport,5.11d,55,6600
2023-10-07,Calm Like a Bomb,5.13a,Sembilan dan dua puluh,https://www.mountainproject.com/route/114017059/calm-like-a-bomb,1,Kentucky > Red River Gorge > (PMRP) Pendergrass-Murray Recreational Preserve > Sore Heel Hollow > The Gallery,3.5,4,Lead,Redpoint,Sport,5.13a,70,8600
2023-10-03,Single Finger Salute,5.10c,,https://www.mountainproject.com/route/108400396/single-finger-salute,1,Kentucky > Red River Gorge > (PMRP) Pendergrass-Murray Recreational Preserve > Sore Heel Hollow > Curbside,2.2,1,Lead,Onsight,Sport,5.10c,55,3200
2023-09-23,Ghost in the Machine,5.10c/d,,https://www.mountainproject.com/route/106782196/ghost-in-the-machine,1,Kentucky > Red River Gorge > (PMRP) Pendergrass-Murray Recreational Preserve > Sore Heel Hollow > Curbside,2.7,2,Lead,Onsight,Sport,5.10c,60,3400
2023-09-18,Wildfire,5.12a,Veintiséis y veinte,https://www.mountainproject.com/route/106782154/wildfire,1,Kentucky > Red River Gorge > (PMRP) Pendergrass-Murray Recreational Preserve > Sore Heel Hollow > Curbside,3.5,4,Lead,Onsight,Sport,5.12a,50,6600
2023-09-15,Fatal Vision,5.11c,"mejilelogun, mẹrinla",https://www.mountainproject.com/route/112279994/fatal-vision,1,Kentucky > Red River Gorge > (MFRP) Miller Fork Recreational Preserve > Alcatraz,3.8,4,Lead,Redpoint,Sport,5.11c,85,5200
2023-09-01,"Mercy, the Huff",5.12b,,https://www.mountainproject.com/route/106045269/mercy-the-huff,1,Kentucky > Red River Gorge > Northern Gorge > Left Flank,3.9,3,Lead,Redpoint,Sport,5.12b,80,6900
2023-08-28,The Preacher's Daughter,5.11a/b,,https://www.mountainproject.com/route/107879859/the-preachers-daughter,1,Kentucky > Red River Gorge > (PMRP) Pendergrass-Murray Recreational Preserve > Sore Heel Hollow > The Gallery,3.6,4,Lead,Onsight,Sport,5.11a/b,85,4800
2023-08-24,27 Years of Climbing,5.8,sefulutasi fitu,https://www.mountainproject.com/route/106125099/27-years-of-climbing,1,Kentucky > Red River Gorge > (PMRP) Pendergrass-Murray Recreational Preserve > Sore Heel Hollow > The Gallery,3.6,3,Lead,Onsight,Sport,5.8,65,2100
2023-08-24,Johnny B. Good,5.11a,,https://www.mountainproject.com/route/106154626/johnny-b-good,1,Kentucky > Red River Gorge > (PMRP) Pendergrass-Murray Recreational Preserve > Sore Heel Hollow > The Gallery,3.4,2,Lead,Onsight,Sport,5.10b/c,80,4600
2023-08-24,Murano,5.10b/c,,https://www.mountainproject.com/route/106125082/murano,1,Kentucky > Red River Gorge > (PMRP) Pendergrass-Murray Recreational Preserve > Sore Heel Hollow > The Gallery,2.8,2,Lead,Onsight,Sport,5.10b/c,75,3100
2023-08-24,Guernica (To first anchor),5.11a,,https://www.mountainproject.com/route/108485824/guernica-to-first-anchor,1,Kentucky > Red River Gorge > (PMRP) Pendergrass-Murray Recreational Preserve > Sore Heel Hollow > The Gallery,3.2,3,Lead,Onsight,Sport,5.11a,65,4600
2023-08-20,Injured Reserve,5.11a/b,,https://www.mountainproject.com/route/106484453/injured-reserve,1,Kentucky > Red River Gorge > (BRRP) Bald Rock Recreational Preserve > The Motherlode > (2) Warm-Up Wall,2.6,2,Lead,Redpoint,Sport,5.11b,60,4800
2023-08-18,To Defy the Laws of Tradition,5.10-,,https://www.mountainproject.com/route/105860648/to-defy-the-laws-of-tradition,1,Kentucky > Red River Gorge > Northern Gorge > Left Flank,3.3,2,Lead,Onsight,Sport,5.10a,60,2700
2023-08-09,5. Drugs and Sex | 5065,5.12d,,https://www.mountainproject.com/route/107755065/5-drugs-and-sex-5065,1,Wyoming > Ten Sleep Canyon > Valhalla > 5. Drugs and Sex,3.1,4,Lead,Redpoint,Sport,5.12d,80,7500
2023-08-06,Ecstasy,5.10d,,https://www.mountainproject.com/route/117126100/ecstasy,1,Wyoming > Ten Sleep Canyon > Valhalla > 5. Drugs and Sex,2.5,1,Lead,Onsight,Sport,5.10c,60,3500
2023-08-06,Reverse Cowgirl,5.12a,,https://www.mountainproject.com/route/114597778/reverse-cowgirl,1,Wyoming > Ten Sleep Canyon > Valhalla > 5. Drugs and Sex,3.6,3,Lead,Onsight,Sport,5.11d,90,6600
2023-08-06,Kama Sutra,5.12a,,https://www.mountainproject.com/route/114597744/kama-sutra,1,Wyoming > Ten Sleep Canyon > Valhalla > 5. Drugs and Sex,3.5,4,Lead,Onsight,Sport,5.12a,80,6600
2023-08-06,Dickin's Cider,5.12c,,https://www.mountainproject.com/route/107213959/dickins-cider,1,Wyoming > Ten Sleep Canyon > Valhalla > 5. Drugs and Sex,3.6,4,Lead,Redpoint,Sport,5.12c,65,7200
2023-08-03,Vitamin K,5.12b,,https://www.mountainproject.com/route/107755077/vitamin-k,1,Wyoming > Ten Sleep Canyon > Valhalla > 5. Drugs and Sex,3.5,3,Lead,Redpoint,Sport,5.12b,80,6900
2023-08-03,Cocaine Rodeo,5.12a,,https://www.mountainproject.com/route/106818981/cocaine-rodeo,1,Wyoming > Ten Sleep Canyon > Valhalla > 5. Drugs and Sex,3.8,3,Lead,Onsight,Sport,5.11d,105,6600
2023-08-01,School's Out,5.10c/d,,https://www.mountainproject.com/route/105846613/schools-out,1,Wyoming > Ten Sleep Canyon > Mondo Beyondo > Downpour Wall,3.3,3,Lead,Onsight,Sport,5.10d,75,3400
2023-08-01,Screaming Night Hog,5.12c,,https://www.mountainproject.com/route/105819657/screaming-night-hog,1,Wyoming > Ten Sleep Canyon > Mondo Beyondo > Downpour Wall,3,4,Lead,Redpoint,Sport,5.12c,70,7200
2023-08-01,Bikini Girls with Machine Guns,5.11a/b,,https://www.mountainproject.com/route/105847535/bikini-girls-with-machine-guns,1,Wyoming > Ten Sleep Canyon > Valhalla > 1. Vietnam,3.2,2,Lead,Onsight,Sport,5.11a,50,4800
2023-07-25,Bovine Intervention,5.10d,,https://www.mountainproject.com/route/107631387/bovine-intervention,1,Wyoming > Lander Area > Wild Iris > Aspen Glade > Gun Street Wall,2,2,Lead,Onsight,Sport,,50,3500
2023-07-25,Young Guns,5.10d,,https://www.mountainproject.com/route/107127531/young-guns,1,Wyoming > Lander Area > Wild Iris > Aspen Glade > Gun Street Wall,2.2,2,Lead,Onsight,Sport,,,3500
2023-07-25,Lonely are the Brave,5.11a/b,,https://www.mountainproject.com/route/106811821/lonely-are-the-brave,1,Wyoming > Lander Area > Wild Iris > Aspen Glade > Gun Street Wall,3,3,Lead,Onsight,Sport,5.11a/b,45,4800
2023-07-25,Jolly Rancher,5.12c,,https://www.mountainproject.com/route/113215600/jolly-rancher,1,Wyoming > Lander Area > Wild Iris > Aspen Glade > Cowboy King Wall,3.2,4,Lead,Redpoint,Sport,5.12c,75,7200
2023-07-25,Burnt Beans and Coffee,5.12c,,https://www.mountainproject.com/route/106020017/burnt-beans-and-coffee,1,Wyoming > Lander Area > Wild Iris > Lower Remuda,3.8,4,Lead,Onsight,Sport,5.12c,50,7200
2023-07-21,American Beauty,5.12b,,https://www.mountainproject.com/route/106811737/american-beauty,1,Wyoming > Lander Area > Wild Iris > Aspen Glade > Cowboy King Wall,3.9,4,Lead,Onsight,Sport,5.12b,75,6900
2023-07-20,Functional Idiot,5.12b,,https://www.mountainproject.com/route/105741110/functional-idiot,1,Utah > Central Utah > Maple Canyon > Right Fork > The Minimum Crag,3.6,4,Lead,Redpoint,Sport,5.12b,90,6900
2023-07-18,49,5.12a,,https://www.mountainproject.com/route/106001020/49,1,Utah > Central Utah > Maple Canyon > Right Fork > The Minimum Crag,3.8,3,Lead,Onsight,Sport,5.12a,80,6600
2023-07-15,Dry Spunk,5.11c,,https://www.mountainproject.com/route/106004012/dry-spunk,1,Utah > Central Utah > Maple Canyon > Right Fork > The Pipe Dream,3.5,3,Lead,Onsight,Sport,5.11c,85,5200
2023-07-15,Groundwork,5.11c,,https://www.mountainproject.com/route/105741116/groundwork,1,Utah > Central Utah > Maple Canyon > Right Fork > The Minimum Crag,3.4,3,Lead,Onsight,Sport,5.11c,80,5200
2023-07-13,License To Thrill,5.11c,,https://www.mountainproject.com/route/105739946/license-to-thrill,1,Utah > Wasatch Range > Southern Wasatch > American Fork Canyon > The Membrane,3.7,3,Lead,Onsight,Sport,5.11c,80,5200
2023-07-06,The Great Train Robbery,5.11b,,https://www.mountainproject.com/route/106911231/the-great-train-robbery,1,Nevada > Southern Nevada > Mount Charleston > Route 158 > Robber's Roost > The Robbery Wall,2.9,3,Lead,Onsight,Sport,5.11b,55,4900
2023-07-06,Gutter Mouth,5.12c,,https://www.mountainproject.com/route/116143670/gutter-mouth,1,Nevada > Southern Nevada > Mount Charleston > Route 158 > Robber's Roost > Burglar Wall,3.5,4,Lead,Redpoint,Sport,5.12c,50,7200
2023-06-16,Feline,5.11b,,https://www.mountainproject.com/route/105756046/feline,1,Colorado > Rifle > Rifle Mountain Park > Ice Cave Walls > Upper Ice Caves (Feline area),3.7,4,Lead,Onsight,Sport,5.11b,,4900
2023-06-16,Ricochet,5.12a,,https://www.mountainproject.com/route/105753373/ricochet,1,Colorado > Rifle > Rifle Mountain Park > The Winchester Cave,3.9,4,Lead,Onsight,Sport,5.12a,85,6600
2023-06-15,Smarmacus Maximus,5.12c,,https://www.mountainproject.com/route/106027847/smarmacus-maximus,1,Colorado > Rifle > Rifle Mountain Park > The Arsenal,2.6,4,Lead,Redpoint,Sport,5.12c,80,7200
2023-06-14,Choss Family Robinson,5.11c/d,,https://www.mountainproject.com/route/105753343/choss-family-robinson,1,Colorado > Rifle > Rifle Mountain Park > Ruckman Cave,2.9,3,Lead,Onsight,Sport,5.11c/d,,5400
2023-06-06,Paralyzed,5.11b,,https://www.mountainproject.com/route/106421508/paralyzed,1,Nevada > Southern Nevada > Red Rocks > Calico Basin > Ash Spring > Alternative Crag,3.4,3,Lead,Onsight,Sport,5.11b,50,4900
2023-06-06,The Prophet,5.12b,,https://www.mountainproject.com/route/106421490/the-prophet,1,Nevada > Southern Nevada > Red Rocks > Calico Basin > Ash Spring > Alternative Crag,3.7,4,Lead,Redpoint,Sport,5.12b,65,6900
2023-05-11,Hotline,5.12c,,https://www.mountainproject.com/route/108390068/hotline,1,Nevada > Southern Nevada > Red Rocks > Calico Basin > Ash Spring > Alternative Crag,3.9,4,Lead,Redpoint,Sport,5.12c,60,7200
2023-05-04,Keep Your Powder Dry,5.12b,,https://www.mountainproject.com/route/105944704/keep-your-powder-dry,1,Nevada > Southern Nevada > Red Rocks > Sandstone Quarry > The Trophy Area > Trophy Wall,3.7,4,Lead,Onsight,Sport,5.12a/b,75,6900
2023-04-11,Tortuga,5.12a,,https://www.mountainproject.com/route/105812596/tortuga,1,Utah > Southwest Utah > Saint George > Turtle Wall,2.6,2,Lead,Onsight,Sport,5.12a,40,6600
2023-04-11,The Waltz,5.12d,,https://www.mountainproject.com/route/107020626/the-waltz,1,Utah > Southwest Utah > Saint George > Turtle Wall,3.2,3,Lead,Redpoint,Sport,5.12d,60,7500
2023-04-03,Dancing Fox,5.12a,,https://www.mountainproject.com/route/106669037/dancing-fox,1,Utah > Southwest Utah > Saint George > Turtle Wall,2.5,3,Lead,Onsight,Sport,5.11c/d,25,6600
2023-03-30,Lambada,5.11a,,https://www.mountainproject.com/route/106375517/lambada,1,Utah > Southwest Utah > Saint George > Turtle Wall,3.4,2,Lead,Onsight,Sport,5.11a,50,4600
2023-03-28,Farmers Market,5.11c,,https://www.mountainproject.com/route/105936627/farmers-market,1,Utah > Southwest Utah > Saint George > Turtle Wall,3.2,2,Lead,Onsight,Sport,5.11c,35,5200
2023-03-25,Director of Humor Affairs,5.11a,,https://www.mountainproject.com/route/105812577/director-of-humor-affairs,1,Utah > Southwest Utah > Saint George > Turtle Wall,3.2,2,Lead,Onsight,Sport,5.10d,50,4600
2023-03-19,Farmers Dance,5.12a/b,,https://www.mountainproject.com/route/111376973/farmers-dance,1,Utah > Southwest Utah > Saint George > Turtle Wall,3.6,3,Lead,Redpoint,Sport,5.12a,55,6800
2023-02-28,Baby Face,V7,,https://www.mountainproject.com/route/105811271/baby-face,1,Texas > Hueco Tanks > North Mountain > Trac II,3.8,4,Send,,Boulder,V7,,20700
2023-02-25,Bloodline,V7,,https://www.mountainproject.com/route/109735282/bloodline,1,Texas > Hueco Tanks > North Mountain > Bloodline,3.8,4,Send,,Boulder,V7,15,20700
2023-02-23,Denizen,V4,,https://www.mountainproject.com/route/107965914/denizen,1,Texas > Hueco Tanks > North Mountain > Fox's Den,3.8,4,Send,,Boulder,V4,15,20400
2023-02-21,Assless Chapstick,V7,,https://www.mountainproject.com/route/121895219/assless-chapstick,1,Texas > Hueco Tanks > East Mountain > The Five Bimbos,3.3,4,Send,,Boulder,,,20700
2023-02-21,"Dragon Fly, AKA: Dogmatics",V5,,https://www.mountainproject.com/route/105812856/dragon-fly-aka-dogmatics,1,Texas > Hueco Tanks > East Mountain > Dragon's Den,3.9,4,Send,,Boulder,V5,15,20500
2023-02-21,Hobbit in a Blender,V5,,https://www.mountainproject.com/route/105812865/hobbit-in-a-blender,1,Texas > Hueco Tanks > East Mountain > Dragon's Den,3.4,2,Send,,Boulder,V5,12,20500
2023-02-18,Gloria,V7,,https://www.mountainproject.com/route/106984609/gloria,1,Texas > Hueco Tanks > North Mountain > Lower Lost Boulders > Lost Cause Boulder Area,2.2,2,Send,,Boulder,V7,12,20700
2023-02-18,Perverse Cowgirl,V4,,https://www.mountainproject.com/route/116800024/perverse-cowgirl,1,New Mexico > Socorro Area > The Box Climbing Areas > Northern Box areas > Cowshit Roof,2.7,2,Send,,Boulder,V5-6,,20400
2023-02-14,McBain,V8,,https://www.mountainproject.com/route/107068452/mcbain,1,Texas > Hueco Tanks > North Mountain > Terminator Area,2.7,4,Send,,Boulder,V8,10,20800
2023-02-13,T-Bone Shuffle,V4,,https://www.mountainproject.com/route/106104321/t-bone-shuffle,1,Texas > Hueco Tanks > North Mountain > The Morgue,3.6,4,Send,,Boulder,V4,,20400
2023-02-10,Another Day Another Dollar,V6,,https://www.mountainproject.com/route/106993032/another-day-another-dollar,1,Texas > Hueco Tanks > North Mountain > Lunch Rocks,2.8,3,Send,,Boulder,V6,10,20600
2023-02-08,Blackmail,V4,,https://www.mountainproject.com/route/110126203/blackmail,1,Texas > Hueco Tanks > North Mountain > The New Meadow,2.3,2,Send,,Boulder,V4,,20400
2023-02-02,See Spot Run,V6 PG13,,https://www.mountainproject.com/route/106104818/see-spot-run,1,Texas > Hueco Tanks > North Mountain > The Big Time,4,4,Send,,Boulder,V6 PG13,25,20600
2023-01-31,Girls of Texas,V5,,https://www.mountainproject.com/route/106570768/girls-of-texas,1,Texas > Hueco Tanks > North Mountain > Girls of Juarez,2.3,3,Send,,Boulder,V5,10,20500
2023-01-28,Bloody Flapper,V4,"I got it, onsight, no falls, went straight through. Sent!",https://www.mountainproject.com/route/106753175/bloody-flapper,1,Texas > Hueco Tanks > North Mountain > Lower Lost Boulders > Lost Cause Boulder Area,3,4,,,Boulder,V4,16,20400
2022-12-05,Two Rons Don't Make a Right,5.11c,,https://www.mountainproject.com/route/119475630/two-rons-dont-make-a-right,1,Kentucky > Red River Gorge > (BRRP) Bald Rock Recreational Preserve > Bear's Den,2.3,2,Lead,Onsight,Sport,5.11c,70,5200
2022-12-05,Bear Belly,5.12b,,https://www.mountainproject.com/route/119704032/bear-belly,1,Kentucky > Red River Gorge > (BRRP) Bald Rock Recreational Preserve > Bear's Den,3.5,3,Lead,Redpoint,Sport,5.12b,60,6900
2022-11-26,Nanotechnology,5.11b,"vinti, oto",https://www.mountainproject.com/route/111775561/nanotechnology,1,Kentucky > Red River Gorge > (PMRP) Pendergrass-Murray Recreational Preserve > Sore Heel Hollow > Bronaugh Wall,3.4,3,Lead,Onsight,Sport,5.11b,70,4900
2022-11-25,Belly of the Beast,5.12c,,https://www.mountainproject.com/route/106782221/belly-of-the-beast,1,Kentucky > Red River Gorge > (PMRP) Pendergrass-Murray Recreational Preserve > Sore Heel Hollow > Bronaugh Wall,3.7,3,Lead,Redpoint,Sport,5.12c,65,7200
2022-11-20,Two Women Alone,5.11a,hiji dalapan belas,https://www.mountainproject.com/route/106782241/two-women-alone,1,Kentucky > Red River Gorge > (PMRP) Pendergrass-Murray Recreational Preserve > Sore Heel Hollow > Bronaugh Wall,3.6,3,Lead,Onsight,Sport,5.11a,60,4600
2022-11-07,Elevator Pitch,5.10a,,https://www.mountainproject.com/route/111842337/elevator-pitch,1,Kentucky > Red River Gorge > (MFRP) Miller Fork Recreational Preserve > Corner Pocket,3.5,1,Lead,Onsight,Sport,5.10a,80,2600
2022-11-07,Nobody Cares,5.8,,https://www.mountainproject.com/route/114509822/nobody-cares,1,Kentucky > Red River Gorge > (MFRP) Miller Fork Recreational Preserve > Corner Pocket,3.6,2,Lead,Onsight,Sport,5.8,90,2100
2022-11-05,Jingus,5.11b,Fünf Neunzehn,https://www.mountainproject.com/route/106783827/jingus,1,Kentucky > Red River Gorge > (PMRP) Pendergrass-Murray Recreational Preserve > Sore Heel Hollow > Bronaugh Wall,3.3,3,Lead,Onsight,Sport,5.11b,60,4900
2022-11-05,Collision Damage,5.11d,три деветнадесет,https://www.mountainproject.com/route/108195152/collision-damage,1,Kentucky > Red River Gorge > (PMRP) Pendergrass-Murray Recreational Preserve > Sore Heel Hollow > Bronaugh Wall,3,3,Lead,Onsight,Sport,5.11d,50,5500
2022-10-30,Random Precision,5.11b,,https://www.mountainproject.com/route/106577204/random-precision,1,Kentucky > Red River Gorge > (PMRP) Pendergrass-Murray Recreational Preserve > Sore Heel Hollow > The Gallery,3.7,3,Lead,Redpoint,Sport,5.11b,60,4900
2022-10-17,Pyrite,5.11c,여덟과 하나,https://www.mountainproject.com/route/118069176/pyrite,1,Kentucky > Red River Gorge > (PMRP) Pendergrass-Murray Recreational Preserve > Coal Bank Hollow > Gold Coast,3.8,4,Lead,Onsight,Sport,5.11c,60,5200
2022-10-17,Golden Shower,5.12a,,https://www.mountainproject.com/route/112310716/golden-shower,1,Kentucky > Red River Gorge > (PMRP) Pendergrass-Murray Recreational Preserve > Coal Bank Hollow > Gold Coast,3.9,4,Lead,Onsight,Sport,5.12a,80,6600
2022-10-15,The Last Supper,5.11a,,https://www.mountainproject.com/route/119365746/the-last-supper,1,Kentucky > Red River Gorge > (PMRP) Pendergrass-Murray Recreational Preserve > Sore Heel Hollow > The Gallery,3.5,3,Lead,Onsight,Sport,5.11a,90,4600
2022-10-02,Cloudy with a Chance of Seamen,5.12a,,https://www.mountainproject.com/route/113229427/cloudy-with-a-chance-of-seamen,1,Kentucky > Red River Gorge > (MFRP) Miller Fork Recreational Preserve > Cloud 9,3.4,2,Lead,Redpoint,Sport,5.11d,65,6600
2022-10-02,Crown of Thorns,5.11c,"undeviginti, viginti",https://www.mountainproject.com/route/107941261/crown-of-thorns,1,Kentucky > Red River Gorge > (PMRP) Pendergrass-Murray Recreational Preserve > Coal Bank Hollow > The Bright Side,3.6,3,Lead,Onsight,Sport,5.11c,80,5200
2022-10-02,Another Doug Reed Route,5.11a,,https://www.mountainproject.com/route/105870243/another-doug-reed-route,1,Kentucky > Red River Gorge > Northern Gorge > Military Wall,3,2,Lead,Onsight,Sport,5.11a,65,4600
2022-10-01,All Things Considered,5.11d,,https://www.mountainproject.com/route/106641238/all-things-considered,1,Kentucky > Red River Gorge > Northern Gorge > Military Wall,3.8,4,Lead,Redpoint,Sport,5.11d,55,5500
2022-09-26,Believer,5.11b,,https://www.mountainproject.com/route/106575856/believer,1,Kentucky > Red River Gorge > (PMRP) Pendergrass-Murray Recreational Preserve > Sore Heel Hollow > Purgatory,3.1,4,Lead,Onsight,Sport,5.11b,60,4900
2022-09-25,Super Pinch,5.10d,neljä yhdeksäntoista,https://www.mountainproject.com/route/106588480/super-pinch,1,Kentucky > Red River Gorge > (PMRP) Pendergrass-Murray Recreational Preserve > Coal Bank Hollow > Solar Collector,2.6,2,Lead,Onsight,Sport,5.10d,50,3500
2022-09-25,Chicken Boy,5.11b/c,,https://www.mountainproject.com/route/106925383/chicken-boy,1,Kentucky > Red River Gorge > (PMRP) Pendergrass-Murray Recreational Preserve > Coal Bank Hollow > Solar Collector,2.4,2,Lead,Onsight,Sport,5.11b/c,70,5100
2022-09-25,Green Horn,5.11a,نهه ویشت، شل.,https://www.mountainproject.com/route/106707062/green-horn,1,Kentucky > Red River Gorge > (PMRP) Pendergrass-Murray Recreational Preserve > Coal Bank Hollow > Solar Collector,2.8,2,Lead,Onsight,Sport,5.11a,55,4600
2022-09-25,Mona Lisa Overdrive,5.11b,,https://www.mountainproject.com/route/106925375/mona-lisa-overdrive,1,Kentucky > Red River Gorge > (PMRP) Pendergrass-Murray Recreational Preserve > Coal Bank Hollow > Solar Collector,2.9,2,Lead,Onsight,Sport,5.11b,65,4900
2022-09-23,Birth of a Legend,5.11b/c,여덟과 아홉,https://www.mountainproject.com/route/116703452/birth-of-a-legend,1,Kentucky > Red River Gorge > (PMRP) Pendergrass-Murray Recreational Preserve > Flat Hollow > Throwback Crag,3.5,3,Lead,Onsight,Sport,5.11b,65,5100
2022-09-23,Yoko Ono,5.12b/c,"שלושים ואחת, תשע עשרה",https://www.mountainproject.com/route/113805519/yoko-ono,1,Kentucky > Red River Gorge > (PMRP) Pendergrass-Murray Recreational Preserve > Flat Hollow > Throwback Crag,3.6,3,Lead,Redpoint,Sport,5.12b/c,100,7100
2022-09-21,Hakuna Matata,5.12a,,https://www.mountainproject.com/route/107329629/hakuna-matata,1,Kentucky > Red River Gorge > (PMRP) Pendergrass-Murray Recreational Preserve > Drive-Bob Parking > Drive-By Crag,3.7,3,Lead,Redpoint,Sport,5.12a,80,6600
2022-09-20,"Wild, Yet Tasty",5.12a,ဆယ့်ခြောက်ငါး,https://www.mountainproject.com/route/105943552/wild-yet-tasty,1,Kentucky > Red River Gorge > Northern Gorge > Left Flank,3.1,3,Lead,Redpoint,Sport,5.12a,55,6600
2022-09-12,Witness the Citrus,5.11c,,https://www.mountainproject.com/route/110356279/witness-the-citrus,1,Kentucky > Red River Gorge > (MFRP) Miller Fork Recreational Preserve > Fruit Wall,3.9,4,Lead,Onsight,Sport,5.11c,95,5200
2022-09-05,Burlier's Bane,5.12a,Տասնյոթ հինգ,https://www.mountainproject.com/route/106538496/burliers-bane,1,Kentucky > Red River Gorge > (BRRP) Bald Rock Recreational Preserve > The Motherlode > (5) Undertow Wall,2.8,1,Lead,Redpoint,Sport,5.12a,60,6600
2022-09-02,Lynx Jinx,5.11c,,https://www.mountainproject.com/route/106579832/lynx-jinx,1,Kentucky > Red River Gorge > Natural Bridge Region > The Zoo (CLOSED) > The Old Zoo (CLOSED),3.3,2,Lead,Onsight,Sport,5.11c,50,5200
2022-09-01,Snapper,5.11a,hiji dua puluh lima,https://www.mountainproject.com/route/106575787/snapper,1,Kentucky > Red River Gorge > (BRRP) Bald Rock Recreational Preserve > The Motherlode > (5) Undertow Wall,3.1,4,Lead,Onsight,Sport,5.11a,60,4600
2022-09-01,Infectious,5.12b,"yigirma bir, besh",https://www.mountainproject.com/route/106169612/infectious,1,Kentucky > Red River Gorge > Northern Gorge > Left Flank,3.5,3,Lead,Redpoint,Sport,5.12b,45,6900
2022-09-01,Gold Rush,5.11d,,https://www.mountainproject.com/route/106980972/gold-rush,1,Kentucky > Red River Gorge > (PMRP) Pendergrass-Murray Recreational Preserve > Sore Heel Hollow > The Gallery,3.8,3,Lead,Onsight,Sport,5.11d,70,5500
2022-09-01,Plague Doctor,5.12a,Diciotto e venti,https://www.mountainproject.com/route/111790210/plague-doctor,1,Kentucky > Red River Gorge > (MFRP) Miller Fork Recreational Preserve > The Infirmary,3.6,3,Lead,Onsight,Sport,5.12a,80,6600
2022-08-30,Cannonball,5.11b,Keturiolika penkių,https://www.mountainproject.com/route/106309932/cannonball,1,Kentucky > Red River Gorge > Natural Bridge Region > The Zoo (CLOSED) > The Old Zoo (CLOSED),3,2,Lead,Onsight,Sport,5.11b,80,4900
2022-08-30,On Beyond Zebra!,5.11b,,https://www.mountainproject.com/route/106579826/on-beyond-zebra,1,Kentucky > Red River Gorge > Natural Bridge Region > The Zoo (CLOSED) > The Old Zoo (CLOSED),2.7,2,Lead,Onsight,Sport,5.11b,80,4900
2022-08-30,Animal Husbandry,5.11b,,https://www.mountainproject.com/route/111046822/animal-husbandry,1,Kentucky > Red River Gorge > Natural Bridge Region > The Zoo (CLOSED) > The Old Zoo (CLOSED),3,2,Lead,Onsight,Sport,5.11b,80,4900
2022-08-30,Geezers Go Sport,5.11b,hiji dalapan,https://www.mountainproject.com/route/106127916/geezers-go-sport,1,Kentucky > Red River Gorge > Natural Bridge Region > The Zoo (CLOSED) > The Old Zoo (CLOSED),3.3,2,Lead,Onsight,Sport,5.11b,80,4900
2022-08-30,Spirit Fingers,5.11c,neljä kaksikymmentä,https://www.mountainproject.com/route/106081940/spirit-fingers,1,Kentucky > Red River Gorge > (PMRP) Pendergrass-Murray Recreational Preserve > Drive-Bob Parking > Drive-By Crag,3.5,3,Lead,Onsight,Sport,5.11c,70,5200
2022-08-30,Crucify Me,5.11c,,https://www.mountainproject.com/route/107062126/crucify-me,1,Kentucky > Red River Gorge > (PMRP) Pendergrass-Murray Recreational Preserve > Sore Heel Hollow > Shady Grove,3,2,Lead,Onsight,Sport,5.11c,70,5200
2022-08-30,Far From God,5.12b,"Zevenentwintig, elf",https://www.mountainproject.com/route/106912616/far-from-god,1,Kentucky > Red River Gorge > (PMRP) Pendergrass-Murray Recreational Preserve > Sore Heel Hollow > Shady Grove,3.6,3,Lead,Onsight,Sport,5.12a,90,6900
2022-08-28,Phantom Pain,5.11c,,https://www.mountainproject.com/route/110231668/phantom-pain,1,Kentucky > Red River Gorge > (MFRP) Miller Fork Recreational Preserve > The Infirmary,3,3,Lead,Onsight,Sport,5.11c,70,5200
2022-08-27,Sacbrood Virus,5.12a,ဆယ့်ခြောက်ရှစ်,https://www.mountainproject.com/route/112093413/sacbrood-virus,1,Kentucky > Red River Gorge > (MFRP) Miller Fork Recreational Preserve > The Infirmary,3.2,3,Lead,Redpoint,Sport,5.12a,75,6600
2022-08-25,Pre-Op,5.10d,,https://www.mountainproject.com/route/111229056/pre-op,1,Kentucky > Red River Gorge > (MFRP) Miller Fork Recreational Preserve > The Infirmary,2.8,2,Lead,Onsight,Sport,5.10d,45,3500
2022-08-24,Whip-Stocking,5.11a,twee een,https://www.mountainproject.com/route/106081917/whip-stocking,1,Kentucky > Red River Gorge > (PMRP) Pendergrass-Murray Recreational Preserve > Drive-Bob Parking > Drive-By Crag,3.7,3,Lead,Onsight,Sport,5.11a,80,4600
2022-08-22,Magic Bed,5.11b/c,,https://www.mountainproject.com/route/110231621/magic-bed,1,Kentucky > Red River Gorge > (MFRP) Miller Fork Recreational Preserve > The Infirmary,3.4,2,Lead,Onsight,Sport,5.11b/c,70,5100
2022-08-22,Last Rites,5.12b,neljä kahdeksantoista,https://www.mountainproject.com/route/111311288/last-rites,1,Kentucky > Red River Gorge > (MFRP) Miller Fork Recreational Preserve > The Infirmary,3.8,4,Lead,Redpoint,Sport,5.12a/b,100,6900
2022-08-16,Super Dario,5.11a,,https://www.mountainproject.com/route/106121898/super-dario,1,Kentucky > Red River Gorge > Northern Gorge > Eastern Sky Bridge Ridge,3.6,3,Lead,Onsight,Sport,5.11a,70,4600
2022-08-15,Breakfast Burrito,5.10c/d,"שלושים ואחת, עשרים",https://www.mountainproject.com/route/106081922/breakfast-burrito,1,Kentucky > Red River Gorge > (PMRP) Pendergrass-Murray Recreational Preserve > Drive-Bob Parking > Drive-By Crag,3.7,3,Lead,Onsight,Sport,5.10c/d,80,3400
2022-08-15,Monkey in the Middle,5.11a,,https://www.mountainproject.com/route/106127925/monkey-in-the-middle,1,Kentucky > Red River Gorge > Natural Bridge Region > The Zoo (CLOSED) > The Old Zoo (CLOSED),3.5,2,Lead,Onsight,Sport,5.11a,80,4600
2022-08-14,A Hole New World,5.12a,여덟과 일곱,https://www.mountainproject.com/route/117646011/a-hole-new-world,1,Kentucky > Red River Gorge > (BRRP) Bald Rock Recreational Preserve > Hole in the Wall > Hole New Wall,3.1,2,Lead,Onsight,Sport,5.12a,65,6600
2022-08-10,Juju Fruit,5.10c,,https://www.mountainproject.com/route/110889566/juju-fruit,1,Kentucky > Red River Gorge > (MFRP) Miller Fork Recreational Preserve > Fruit Wall,3.6,3,Lead,Onsight,Sport,5.10c,75,3200
2022-08-09,King Me,5.11b,"Zevenentwintig, veertien",https://www.mountainproject.com/route/105964688/king-me,1,Kentucky > Red River Gorge > Northern Gorge > Eastern Sky Bridge Ridge,3.8,3,Lead,Onsight,Sport,5.11b,90,4900
2022-08-06,Jack in the Pulpit,5.10d,,https://www.mountainproject.com/route/105917977/jack-in-the-pulpit,1,Kentucky > Red River Gorge > Northern Gorge > Eastern Sky Bridge Ridge,3.2,2,Lead,Onsight,Sport,5.10d,70,3500
2022-08-06,EGBG,5.10a,sefulutasi sefulufa,https://www.mountainproject.com/route/108766319/egbg,1,Kentucky > Red River Gorge > (BRRP) Bald Rock Recreational Preserve > Chocolate Factory,3.6,2,Lead,Onsight,Sport,5.10a,90,2600
2022-08-05,Loompa,5.10c/d,,https://www.mountainproject.com/route/106927842/loompa,1,Kentucky > Red River Gorge > (BRRP) Bald Rock Recreational Preserve > Chocolate Factory,3.5,3,Lead,Onsight,Sport,5.11a,60,3400
2022-08-02,Tesseract,5.10d,,https://www.mountainproject.com/route/110969192/tesseract,1,Kentucky > Red River Gorge > (MFRP) Miller Fork Recreational Preserve > The Portal,3.6,3,Lead,Onsight,Sport,5.10d,55,3500
2022-08-02,Typhoid Mary,5.10a,sefulutasi lima,https://www.mountainproject.com/route/111229014/typhoid-mary,1,Kentucky > Red River Gorge > (MFRP) Miller Fork Recreational Preserve > The Infirmary,2.2,1,Lead,Onsight,Sport,5.10a,65,2600
2022-08-02,Diamond in the Rough,5.10c,"mejilelogun, mẹrin",https://www.mountainproject.com/route/105860768/diamond-in-the-rough,1,Kentucky > Red River Gorge > Natural Bridge Region > Emerald City,3.4,3,Lead,Onsight,Sport,5.10c,80,3200
2022-08-02,Ruby Slippers,5.10d,,https://www.mountainproject.com/route/105870235/ruby-slippers,1,Kentucky > Red River Gorge > Natural Bridge Region > Emerald City,3.1,2,Lead,Onsight,Sport,5.10d,70,3500
2022-08-02,No Place Like Home,5.11c PG13,eziyisikhombisa neshumi nanhlanu,https://www.mountainproject.com/route/105870227/no-place-like-home,1,Kentucky > Red River Gorge > Natural Bridge Region > Emerald City,3.8,2,Lead,Onsight,Sport,5.11c,100,5200
2022-08-01,Muffintop,5.10d,,https://www.mountainproject.com/route/108397003/muffintop,1,Kentucky > Red River Gorge > (PMRP) Pendergrass-Murray Recreational Preserve > Sore Heel Hollow > Bronaugh Wall,2.9,3,Lead,Onsight,Sport,5.10d,65,3500
2022-08-01,A Brief History of Climb,5.10b,,https://www.mountainproject.com/route/106125070/a-brief-history-of-climb,1,Kentucky > Red River Gorge > (PMRP) Pendergrass-Murray Recreational Preserve > Sore Heel Hollow > The Gallery,3.7,1,Lead,Onsight,Sport,5.10b,75,2900
2022-08-01,Dave the Dude,5.11d,"ceithre cinn is fiche, sé déag",https://www.mountainproject.com/route/106169442/dave-the-dude,1,Kentucky > Red River Gorge > Northern Gorge > Eastern Sky Bridge Ridge,3.8,4,Lead,Redpoint,Sport,5.11d,70,5500
2021-11-19,Banshee,5.11c,,https://www.mountainproject.com/route/106333612/banshee,1,Kentucky > Red River Gorge > Muir Valley > The Solarium,3.9,3,Lead,Redpoint,Sport,5.11c,100,5200
2021-11-02,Air Ride Equipped,5.11a,"I got it, onsight, no falls, went straight through. Sent!",https://www.mountainproject.com/route/106586504/air-ride-equipped,1,Kentucky > Red River Gorge > Muir Valley > The Solarium,3.6,4,TR,,Sport,5.11a,65,4600
2021-11-02,Boltergeist,5.10a/b,,https://www.mountainproject.com/route/106580228/boltergeist,1,Kentucky > Red River Gorge > Muir Valley > The Hideout,3.3,2,Lead,Onsight,Sport,5.10a/b,95,2800
2021-10-01,Smokin' Joe,5.11,hiji salapan,https://www.mountainproject.com/route/106282997/smokin-joe,1,Kentucky > Red River Gorge > Northern Gorge > Funk Rock City,3.2,2,Lead,Onsight,Sport,5.11,80,5000
2021-10-01,The Infidel,5.11d,,https://www.mountainproject.com/route/107122332/the-infidel,1,Kentucky > Red River Gorge > Northern Gorge > Funk Rock City,3.8,4,Lead,Onsight,Sport,,75,5500
2021-10-01,There Goes the Neighborhood,5.11c,Ομάδα ένα έως έντεκα,https://www.mountainproject.com/route/106283004/there-goes-the-neighborhood,1,Kentucky > Red River Gorge > Northern Gorge > Funk Rock City,3.7,4,Lead,Redpoint,Sport,5.11c,95,5200
2021-10-01,Prime Directive,5.11b,十三，九,https://www.mountainproject.com/route/105869244/prime-directive,1,Kentucky > Red River Gorge > Northern Gorge > Funk Rock City,3.6,3,Lead,Redpoint,Sport,5.11b,100,4900
2021-10-01,Hardcore Jollies,5.12a,"Hogeita hamar, hemeretzi",https://www.mountainproject.com/route/105868713/hardcore-jollies,1,Kentucky > Red River Gorge > Northern Gorge > Funk Rock City,2.7,3,Lead,Onsight,Sport,,50,6600
2021-08-10,Manic Impression,5.10a,neljä viisi,https://www.mountainproject.com/route/105866451/manic-impression,1,Kentucky > Red River Gorge > Northern Gorge > Funk Rock City,3.2,4,Lead,Onsight,Sport,5.10a,95,2600
2021-08-01,Funkadelic,5.10b PG13,"undeviginti, duodecim",https://www.mountainproject.com/route/105866459/funkadelic,1,Kentucky > Red River Gorge > Northern Gorge > Funk Rock City,2.9,2,Lead,Onsight,Sport,5.10a,95,2900
2021-07-01,Autumn,5.9,hiji dua puluh,https://www.mountainproject.com/route/105868022/autumn,1,Kentucky > Red River Gorge > Northern Gorge > Long Wall,3.7,2,Lead,Onsight,Trad,5.9,80,2400
2021-06-14,Rock Wars,5.10a,Տասնյոթ վեց,https://www.mountainproject.com/route/105868000/rock-wars,1,Kentucky > Red River Gorge > Northern Gorge > Long Wall,3.9,4,Lead,Onsight,Trad,5.10a,110,2600
2020-11-02,Return of Manimal,5.10c/d,Sáu bốn,https://www.mountainproject.com/route/106061901/return-of-manimal,1,Kentucky > Red River Gorge > Muir Valley > Bruise Brothers Wall,3.5,2,Lead,Onsight,Sport,5.10d,85,3400
2020-11-02,Critters on the Cliff,5.10c,,https://www.mountainproject.com/route/106061920/critters-on-the-cliff,1,Kentucky > Red River Gorge > Muir Valley > Bruise Brothers Wall,3.1,1,Lead,Onsight,Sport,5.10c,75,3200
2020-10-02,Bitter Ray of Sunshine,5.10b,"iwakāluakūmālima, iwakāluakūmākahi",https://www.mountainproject.com/route/106451181/bitter-ray-of-sunshine,1,Kentucky > Red River Gorge > Muir Valley > The Great Wall,3,2,Lead,Onsight,Sport,5.10b,55,2900
2020-10-02,Edge-a-Sketch,5.11a,,https://www.mountainproject.com/route/106657106/edge-a-sketch,1,Kentucky > Red River Gorge > Muir Valley > The Great Wall,3.2,2,Lead,Onsight,Sport,5.11a,70,4600
2020-10-02,Rat Stew,5.10a,द्वादशसंख्या विंशतिसंख्या च,https://www.mountainproject.com/route/106061906/rat-stew,1,Kentucky > Red River Gorge > Muir Valley > Bruise Brothers Wall,3.2,2,Lead,Onsight,Sport,5.10a,75,2600
2020-10-01,Dynabolt Gold,5.10a,,https://www.mountainproject.com/route/106422472/dynabolt-gold,1,Kentucky > Red River Gorge > Muir Valley > The Great Wall,3.1,2,Lead,Onsight,Sport,5.10a,70,2600
2020-10-01,Momma Cindy,5.11a,"ceithre is fiche, cúig",https://www.mountainproject.com/route/106915673/momma-cindy,1,Kentucky > Red River Gorge > Muir Valley > The Great Wall,3.1,2,Lead,Onsight,Sport,5.11a,70,4600
2020-09-01,Creature Feature,5.9,여덟과 열다섯,https://www.mountainproject.com/route/105889536/creature-feature,1,Kentucky > Red River Gorge > Northern Gorge > Phantasia,3.2,2,Lead,Onsight,Sport,5.9,70,2400
2020-09-01,Bathtub Mary,5.11a,,https://www.mountainproject.com/route/106862482/bathtub-mary,1,Kentucky > Red River Gorge > Muir Valley > The Arsenal,3.7,3,Lead,Redpoint,Sport,5.11a,70,4600
2020-08-01,Creep Show,5.10d,neljä kahdeksantoista,https://www.mountainproject.com/route/105889540/creep-show,1,Kentucky > Red River Gorge > Northern Gorge > Phantasia,3.5,2,Lead,Redpoint,Sport,5.10d,70,3500